-- phpMyAdmin SQL Dump
-- version 4.1.7
-- http://www.phpmyadmin.net
--
-- Host: localhost
-- Generation Time: Lug 19, 2016 alle 20:59
-- Versione del server: 5.1.71-community-log
-- PHP Version: 5.3.10

SET FOREIGN_KEY_CHECKS=0;
SET SQL_MODE = "NO_AUTO_VALUE_ON_ZERO";
SET time_zone = "+00:00";


/*!40101 SET @OLD_CHARACTER_SET_CLIENT=@@CHARACTER_SET_CLIENT */;
/*!40101 SET @OLD_CHARACTER_SET_RESULTS=@@CHARACTER_SET_RESULTS */;
/*!40101 SET @OLD_COLLATION_CONNECTION=@@COLLATION_CONNECTION */;
/*!40101 SET NAMES utf8 */;

--
-- Database: `my_hyppolenghiscroccavendra`
--
CREATE DATABASE IF NOT EXISTS `my_hyppolenghiscroccavendra` DEFAULT CHARACTER SET utf8 COLLATE utf8_general_ci;
USE `my_hyppolenghiscroccavendra`;

-- --------------------------------------------------------

--
-- Struttura della tabella `assistances`
--

CREATE TABLE IF NOT EXISTS `assistances` (
  `id_ass` int(11) NOT NULL AUTO_INCREMENT,
  `title` varchar(500) NOT NULL,
  `description` text NOT NULL,
  `img` varchar(500) NOT NULL,
  `highlights` tinyint(1) NOT NULL,
  `subcategory` int(11) NOT NULL,
  PRIMARY KEY (`id_ass`),
  KEY `SubCategoryIndex` (`subcategory`)
) ENGINE=MyISAM  DEFAULT CHARSET=utf8 AUTO_INCREMENT=48 ;

--
-- Dump dei dati per la tabella `assistances`
--

INSERT INTO `assistances` (`id_ass`, `title`, `description`, `img`, `highlights`, `subcategory`) VALUES
(1, 'Attivazione linea fissa', 'Richiedere l’attivazione di una linea telefonica di casa è molto semplice, puoi:<br>\r\n-richiederla online<br>\r\n-chiamare il Servizio Clienti linea fissa 187<br>\r\n-recarti presso un Negozio TIM.<br><br>\r\nVerifica la modalità di attivazione consultando on line le varie offerte disponibili.<br>\r\n<b>I dati necessari sono:</b><br>\r\n- nome e cognome<br>\r\n- codice fiscale<br>\r\n- indirizzo dell''abitazione per cui richiedi l''installazione della linea<br>\r\n- un recapito telefonico di cellulare<br>\r\n- indirizzo email (facoltativo).<br>\r\n<br>\r\nIl nostro personale tecnico ti contatterà quanto prima per concordare l’appuntamento per l’installazione dell’impianto telefonico.', '', 0, 1),
(2, 'Verifica credito residuo', 'Il credito residuo disponibile, le offerte e lo stato dei bonus attivi sulla tua linea ricaricabile, sono consultabili attraverso le seguenti modalità:<br><br>\r\n \r\n- Direttamente dal tuo Smartphone, accedendo all’app MyTIM Mobile, attualmente disponibile in download gratuito nelle versioni per iPhone e per smartphone con sistema operativo Android.\r\n<br><br>\r\n<b>Scarica l''APP MyTIM Mobile</b>\r\n<br><br>\r\n- Direttamente online sul sito tim.it nella sezione MyTIM Mobile riservata ai nostri clienti che ti permette di verificare il credito residuo, le quantità di minuti, SMS, GB ancora disponibili, i bonus in euro  eventualmente presenti ed effettuare variazioni sulla tua linea telefonica;<br>\r\n- Chiamando il numero gratuito 40916, per il credito residuo. Inoltre digitando il tasto 1 puoi conoscere le offerte attive, la quantità di minuti, SMS, GB ancora disponibili e i bonus in euro eventualmente presenti;<br>\r\n- Attraverso il servizio gratuito 119sms; inviando un sms al 119 “a testo libero”(ad esempio “qual è il mio credito residuo”) il servizio ti risponderà con un sms con le informazioni richieste;<br>\r\n- Attraverso l’attivazione del servizio gratuito "TIM Ti Avvisa - info sms" che ti permette di conoscere il costo dell’ultima chiamata nazionale effettuata e il credito residuo aggiornato in tempo reale grazie alla ricezione di un sms direttamente sul tuo telefonino oppure con il servizio “TIM Ti Avvisa – offerte” puoi essere informato con un sms gratuito quando il consumo delle tue offerte attive raggiunge la percentuale da te scelta;<br><br>\r\n \r\nSe sulla tua linea sono presenti offerte e bonus in euro, la priorità di consumo segue generalmente il seguente criterio:<br>\r\n \r\n1. Minuti, sms, GB inclusi nell’offerta attiva;<br>\r\n \r\n2. Bonus in euro con scadenza;<br>\r\n \r\n2. Bonus in euro senza scadenza;<br>\r\n \r\n3. Credito residuo.<br>\r\n \r\nIn presenza di due o più bonus è prioritario quello con scadenza più immediata.<br>\r\n \r\nTi ricordiamo che il bonus in euro non può essere utilizzato per le chiamate internazionali, per le chiamate verso numerazioni non geografiche (in Italia e all’estero) e per il traffico roaming (ad eccezione del traffico roaming dati).<br>\r\n \r\nPer ulteriori dettagli sulle condizioni di utilizzo dei bonus in euro presenti sulla tua linea, consulta la pagina dedicata nella <b>sezione Offerte</b> del sito tim.it.<br><br>\r\n \r\nTi ricordiamo infine che per poter usufruire delle offerte e degli eventuali bonus in euro presenti sulla linea, il credito residuo della tua SIM deve essere maggiore di zero.\r\n ', '', 0, 5),
(3, 'Cos''è TIMmusic', 'TIMmusic è il servizio di streaming musicale di TIM che ti permette di ascoltare milioni di brani su Smartphone e Tablet SENZA CONSUMARE GIGA, o su PC.<br><br>\r\n\r\nTIMmusic è la piattaforma di musica digitale di Telecomitalia dedicata a tutti i clienti che hanno uno smartphone/tablet TIM o una linea ADSL o Fibra  residenziale Telecom Italia o una chiavetta Internet TIM.<br><br>\r\n\r\nCon TIMmusic puoi ascoltare milioni di brani in streaming senza limiti di tempo sul tuo smartphone e tablet o sul PC (clienti ADSL e Fibra Residenziale Telecom Italia o con chiavetta Internet TIM). Puoi  creare tue playlist personali o ascoltare quelle suggerite da dj e artisti famosi e condividere tutto sui principali social network. Il catalogo è sempre aggiornato con tutte le ultime uscite discografiche, spesso anche in anteprima esclusiva. E, se sei su mobile, non consumi GB perchè il traffico dati per l’ascolto di musica è incluso nel costo dell’abbonamento.<br>\r\n\r\n', 'img/services/logo_tim_music.jpg', 0, 15),
(4, 'Trasloco', 'Il trasloco è un''operazione che ti consente di spostare la tua linea telefonica presso una nuova abitazione, nella stessa città o in una città diversa. Puoi gestirla direttamente online basta registrarsi all’Area Clienti.', '', 0, 1),
(5, 'Variazione Abbonamento', 'Se hai cessato la tua attività professionale, puoi richiedere la variazione del tuo contratto di abbonamento telefonico.\r\nPer richiedere la variazione chiama il Servizio Clienti 191.<br><br>\r\n\r\nCon la richiesta della trasformazione del contratto dalla categoria Affari (“A”) alla categoria Residenziale (“B”) il costo del tuo abbonamento mensile passerà da:<br><br>\r\n\r\n<b>22,50 €</b> (IVA esclusa) a <b>17,54 €</b> (IVA al 22% inclusa), in caso di linea telefonica di base<br>\r\n<b>31,00 €</b> (IVA esclusa) a <b>20,17 €</b> (IVA al 22% inclusa), in caso di linea ISDN.<br>', '', 0, 1),
(6, 'Restituzione Prodotti', 'Per cessare il noleggio di un prodotto, con la conseguente interruzione del relativo abbonamento, basta chiamare il Servizio Clienti linea fissa 187 e spedire o consegnare il prodotto entro e non oltre 30 giorni dalla data della richiesta di cessazione/recesso del contratto insieme al modulo di accompagnamento che puoi scaricare da questa pagina.<br><br>\r\nPuoi spedire il prodotto al seguente indirizzo:<br><br>\r\n\r\n        Telecom Italia S.p.A. c/o Geodis Logistics<br>\r\n        Magazzino Reverse A22<br>\r\n        Piazzale Giorgio Ambrosoli snc<br>\r\n        27015 Landriano PV<br><br>\r\n\r\nIn alternativa puoi restituirlo (fatta eccezione per i modem) solo ed esclusivamente presso uno dei seguenti Negozi TIM:<br><br>\r\n\r\nROMA:           Viale Liegi, 31<br>\r\nMILANO:        Piazza Cordusio snc - ang. Via Broletto<br>\r\nNAPOLI:         Centro Direzionale - Isola A4<br>\r\nPALERMO:     Via della libertà, 37/d<br>\r\nTREVISO:       Via XX Settembre, 2<br>\r\n<b>(Nessun Negozio TIM al di fuori di quelli indicati in questa lista è abilitato alla riconsegna dei prodotti di cui si è chiesto il recesso del contratto di noleggio, pertanto, in nessun caso, potrà procedere al ritiro).</b><br><br>   \r\n\r\nNel caso di riconsegna di un modem dovrai necessariamente spedirlo a mezzo pacco postale all’indirizzo indicato in questa pagina o sul modulo di accompagnamento in quanto, per questo prodotto, non è prevista la consegna diretta presso un Negozio TIM.<br>', '', 0, 1),
(7, 'Disattivare i servizi di linea fissa', 'Registrandoti alla nostra Area Clienti puoi gestire autonomamente la cessazione dei servizi attivi sulla tua linea telefonica; una volta entrato naviga all’interno de “La mia Linea”-“Servizi e Offerte Attivi” oppure su “il Mio Conto” all’interno del “Dettaglio Costi” della fattura.<br><br>\r\n\r\nI servizi che puoi disattivare sono i seguenti:<br><br>\r\n\r\n- <b>Payforme</b>: è un servizio attivo di default che puoi disattivare nella sezione “La mia Linea” - “Riepilogo”. Clicca qui per disabilitare.<br>\r\n- <b>Chi è</b>: servizio che ti consente di visualizzare sul display del tuo telefono predisposto il numero di chi ti sta chiamando, da rete fissa o da rete mobile.<br> \r\n- <b>Memotel</b>: la segreteria telefonica che puoi attivare sulla tua linea di casa.\r\nTrasferimento di chiamata: il servizio che ti consente di trasferire anche sul tuo cellulare le chiamate in arrivo al tuo numero di casa.<br>\r\n- <b>Ultima chiamata persa</b>: componendo il 42400 dal telefono fisso puoi conoscere l''ultimo numero, sia fisso che mobile che ti ha chiamato, la data e l’ora.<br><br>\r\n\r\nIn alternativa:\r\n<b> chiama il Servizio Clienti 187.</b>', '', 0, 1),
(8, 'I codici PIN e PUK', '<br>Tutte le informazioni per gestire i codici di sicurezza PIN e PUK e per sapere cosa fare in caso di blocco della tua SIM.<br>', '', 0, 2),
(9, 'Cosa fare in caso di furto o smarrimento', 'Di seguito puoi trovare tutte le indicazioni su cosa fare nel caso in cui ti sia stato rubato il telefonino o lo abbia smarrito. Verifica come bloccare il tuo telefonino e la tua SIM e scopri come fare per non perdere il tuo numero telefonico.', '', 0, 2),
(10, 'Sostituzione SIM Card', 'L’operazione di sostituzione SIM Card, ti consente di cambiare la tua SIM e conservare il tuo numero telefonico. Puoi recarti in un qualsiasi Negozio TIM e farne richiesta.', '', 1, 2),
(11, 'Reintegro della numerazione prepagata', 'In caso di scadenza della tua TIM Card, hai la possibilità di richiedere gratuitamente, entro il termine massimo di 11 mesi dalla sua scadenza al 13° mese, il reintegro ossia la riattivazione del numero.<br><br>\r\n\r\nLa TIM Card ha una durata di 12 mesi decorrenti (a) dalla sua attivazione, oppure (b) dall''ultima operazione di ricarica, oppure (c) da altro evento commerciale, di vendita o post-vendita, esplicitamente richiesto dal cliente - gratuito od a pagamento - o che comunque determina oneri a suo carico (secondo quanto previsto dalle relative condizioni di offerta), e consente di ricevere telefonate e messaggi per un ulteriore periodo di un mese.<br><br>\r\n\r\nLa tua TIM Card e la numerazione ad essa associata, saranno quindi disattivate trascorsi 13 mesi (12+1) qualora tu non proceda ad effettuare operazioni di ricarica, oppure in assenza di altro evento commerciale, di vendita o post-vendita, da te esplicitamente richiesto - gratuito od a pagamento - o che comunque determina oneri a tuo carico (secondo quanto previsto dalle relative condizioni di offerta; es.: l''attivazione di un’offerta o di un servizio, un cambio profilo tariffario, una SOS ricarica, etc..).<br><br>\r\n\r\n<b>Puoi conoscere la data di scadenza</b> della tua TIM Card direttamente online, dopo esserti autenticato con la tua username (numero della linea TIM) e password alla sezione MyTIM Mobile.<br><br>\r\n\r\nA partire dal 2 settembre 2014 per l’operazione di reintegro dovrai recarti direttamente in un Negozio TIM munito di un documento di riconoscimento e del codice fiscale. Se in tuo possesso ti consigliamo di portare con te anche la TIM Card ormai scaduta, per consentire tutte le opportune verifiche da parte del Negozio TIM.\r\nLa riattivazione del tuo numero avverrà su una nuova SIM Card che potrai scegliere anche nel formato nano SIM o micro SIM. Il costo della nuova SIM Card è di 10 € (IVA inclusa).\r\n<br><br>\r\nA seguito del reintegro avrai:<br><br>\r\n\r\n- il riconoscimento gratuito del credito residuo (sempre che non sia stato già restituito in altre forme).<br>\r\n- la possibilità di effettuare un cambio del profilo tariffario gratuito.<br>\r\n<b>Una volta reintegrato il numero, la tua nuova TIM Card sarà subito attiva per altri 12 mesi.</b>\r\n\r\nTale procedura è valida anche per la riattivazione di numerazioni cessate su richiesta esplicita del cliente.\r\n\r\nSe non fai richiesta di reintegro nei termini previsti, per scelta o per dimenticanza, non sarà più possibile recuperare il numero telefonico ma avrai la possibilità, entro i 10 anni successivi alla disattivazione, di richiedere il rimborso del solo traffico acquistato e non utilizzato presente sulla linea nel momento in cui è scaduta (bonus e promozioni non sono rimborsabili).\r\nPer maggiori informazioni e modalità di restituzione credito Clicca qui e scegli il modulo di richiesta di restituzione o trasferimento del traffico acquistato e non utilizzato per clienti ricaricabili.\r\n\r\n', '', 0, 2),
(12, 'Passaggio da abbonamento a ricaricabile', 'Se sei titolare di una linea in abbonamento e desideri passare al servizio ricaricabile puoi farne richiesta in un Negozio TIM o inoltrando la necessaria documentazione al Servizio Clienti 119.<br><br>\r\n\r\n<b>Per passare la tua utenza TIM da abbonamento a servizio ricaricabile puoi compilare il modulo</b> di “Richiesta di migrazione da abbonamento a ricaricabile”. <br>Il modulo è disponibile in formato pdf nella sezione Moduli e può essere scaricato direttamente dalla sottosezione “clienti con abbonamento”.<br>\r\nPotrai inviare il modulo compilato con la richiesta di cessazione del contratto di abbonamento e la specificata volontà di passare verso servizio ricaricabile (indicando il profilo e l''eventuale opzione) e la modalità di rimborso ACI (assegno/accredito su linea ricaricabile), al numero di fax dedicato 800600119.\r\n<br><br>\r\n<b>Puoi effettuare il passaggio scrivendoci o in alternativa presso un qualsiasi Negozio TIM.</b>\r\n\r\n', '', 0, 2),
(13, 'LoSai e ChiamaOra di TIM', 'Con i servizi LoSai e ChiamaOra di TIM sai sempre chi ti ha cercato e quando i tuoi amici sono contattabili! TIM ha unificato i servizi LoSai e ChiamaOra e li ha resi disponibili per tutti i clienti TIM ricaricabili e con abbonamento.', '', 0, 2),
(14, 'MyTIM Fisso', 'Registrandoti al MyTIM Fisso o scaricando l’applicazione per smartphone e tablet avrai  a disposizione tutte le informazioni relative alla tua linea telefonica.\r\n\r\nPotrai visualizzare i servizi e le offerte attivi sulla tua linea telefonica, pagare le tue fatture e avere informazioni relative al traffico.', '', 0, 3),
(15, 'Passepartout', 'Se sei un cliente prepagato TIM e possiedi una carta di credito puoi attivare la soluzione "<b>Passe-partout</b>". Con Passepartout, semplicemente digitando il tuo PIN e autorizzando così l''addebito sulla tua carta di credito, puoi:<br><br>\r\n\r\n- ricaricare il tuo telefonino quando e dove vuoi.<br>\r\n- acquistare le offerte promozionali\r\nattivare "Ricarica Automatica" per non rimanere mai senza credito sul tuo telefonino.<br>\r\nGli acquisti tramite Passepartout saranno addebitati sulla carta di credito e TIM gestirà un plafond di spesa mensile pari a 500 euro (IVA incl.). E'' possibile registrarsi su Passepartout una sola volta con la stessa carta di credito e uno stesso cliente TIM può essere abbinato al massimo a due carte di credito con profili Passepartout diversi.<br><br>\r\n\r\nAttivando Passepartout, avrai la possibilità di acquistare i servizi TIM via 40916 e direttamente online su questo sito con la possibilità di addebitarne il costo (Nota 1) sulla tua carta di credito digitando semplicemente un PIN da te scelto.<br><br>\r\n\r\nPer poter attivare on line Passepartout è necessario:<br><br>\r\n\r\n- essere un cliente del servizio ricaricabile;<br>\r\n- possedere una carta di credito CartaSi, American Express, BankAmericard e Carta Aura di Findomestic;<br>\r\n- autenticarsi utilizzando le credenziali TIM.<br>\r\nNota 1. Puoi utilizzare Passepartout per pagamenti di servizi TIM fino a 500 euro (IVA incl.) al mese.', '', 0, 3),
(16, 'Ricarica Veloce dal sito tim.it', 'Il servizio Ricarica Veloce dal sito tim.it ti permette di ricaricare il tuo telefonino senza bisogno di registrarti:\r\nè sufficiente inserire i tuoi dati e in 3 click la tua linea è ricaricata!<br><br>\r\n\r\nI tagli di ricarica partono da un minimo di 6€ ad un massimo di 150€.<br><br>\r\n\r\nTi verranno richieste alcune semplici informazioni quali:<br><br>\r\n\r\n- il numero TIM da ricaricare.<br>\r\n- un indirizzo mail al quale inviarti la notifica di operazione effettuata.<br>\r\n- i dati della tua carta di credito o di PayPal.<br>\r\nSono accettate le principali carte di credito emesse in Italia aderenti ai circuiti Visa, Mastercard (tra cui CartaSì, Postepay, Clarima e Bankamericard Deutsche Credit Card), American Express, Diners e carta Aura.<br><br>\r\n\r\n<b>N.B.</b> Ti ricordiamo che se scegli la ricarica da 6€ avrai a disposizione 5€ di credito e 500 MMS da inviare verso tutti entro 30 giorni. Per tutti i dettagli sulla Ricarica+ clicca qui.', '', 1, 3),
(17, 'Verifica le modalità ed i tempi di spedizione degli acquisti effettuati online', 'Se acquisti online con carta di credito ricordati che la spedizione può avvenire solo sul territorio italiano, e all’importo dell’ordine non vengono aggiunte spese.<br><br>\r\n\r\nLa merce acquistata sarà consegnata entro 8 giorni dal ricevimento dell’ordine, in base al giorno e all’ora in cui è stato effettuato l’ordine, secondo la seguente tempistica:<br>\r\nOrdine concluso prima delle ore 10.00 dal lunedì al venerdì:<br> \r\n- consegna al cliente nel terzo giorno lavorativo (sabato escluso) dalla conferma dell’ordine.<br>\r\nOrdine concluso dopo le ore 10.00 dal lunedì al venerdì:<br>\r\n- consegna al cliente nel quarto giorno lavorativo (sabato escluso) dalla conferma dell’ordine.<br>\r\nOrdine concluso Sabato Domenica o nei giorni festivi: <br>\r\n- consegna al cliente entro tre giorni lavorativi immediatamente utili.<br><br>\r\n\r\nI tempi di consegna come sopra descritti, sono puramente indicativi e non vincolanti. Nel caso esigenze di tipo organizzativo, oltre che eventuali cause di forza maggiore sopraggiunte, impedissero  di rispettare il termine indicato, sarai tempestivamente informato circa i nuovi tempi di consegna.\r\n<br><br>\r\nPer motivi di sicurezza, ti verrà richiesto di esibire un documento che attesti la tua identità, in fase di consegna della merce; in caso di mancata esibizione, l’incaricato della spedizione è autorizzato a non eseguire la consegna.<br>\r\nIl cliente verrà avvisato della mancata consegna con la stessa modalità utilizzata in caso di assenza del destinatario.<br><br>\r\n\r\nIl vettore incaricato della spedizione, in caso di destinatario assente effettuerà un secondo tentativo di consegna dopo di che restituirà al mittente la merce.<br><br>\r\n\r\nIn caso di indirizzo errato e/o incompleto riscontrato al primo tentativo di consegna, il corriere contatterà TIM per verificare i dati ricevuti e/o per integrare le informazioni in suo possesso, al fine di procedere al secondo tentativo di consegna.\r\n<br><br>\r\nIn entrambi i casi, qualora il secondo tentativo di consegna non andasse a buon fine, i prodotti relativi all''ordine rientreranno a magazzino e l''importo dell''ordine ti verrà rimborsato dopo le opportune registrazioni contabili.\r\n<br><br>\r\nE'' possibile verificare online lo stato di avanzamento di un ordine di prodotti o di promo tariffarie/Cambio Profilo/Ricarica online acquistate pagando mediante carta di credito o PayPal.<br>\r\nPer monitorare lo stato di avanzamento di questi ordini, puoi accedere alla sezione “Acquisti” (sezione "Ordini in corso") di MyTIM Mobile.<br>', '', 0, 3),
(18, 'Come leggere la fattura della linea fissa', 'La fattura della linea fissa è semplice e facile da leggere perché disegnata prendendo spunto dai suggerimenti dei clienti. La veste grafica, moderna e raffinata, utilizza un linguaggio sempre più chiaro per l’esposizione delle voci di spesa, facilitando la lettura di tutte le informazioni di cui hai bisogno e garantendo maggiore trasparenza nei contenuti e negli importi.<br><br>\r\n\r\nAccedendo o registrandoti alla sezione MyTIM Fisso, hai la possibilità di visualizzare da Web e da App (disponibile su App Store e Google play), le fatture emesse negli ultimi 12 mesi e scegliere di eliminare il cartaceo risparmiando i relativi costi.<br>', '', 1, 4),
(19, 'Come domiciliare la fattura della linea fissa', 'Con la domiciliazione le scadenze non saranno più un problema, perchè a pagare le tue fatture ci penserà la tua Banca/Posta. \r\nLa domiciliazione bancaria/postale, infatti, ti permette di addebitare automaticamente le tue fatture telefoniche sul conto corrente alla loro data di scadenza.<br><br>\r\n\r\n<b>Vantaggi</b><br>\r\n- Risparmi tempo e i costi di gestione dei pagamenti<br>\r\n- Certezza dei pagamenti che saranno effettuati automaticamente il giorno della scadenza fattura<br>\r\n- Controllo dei pagamenti (possibilità di richiedere sospensione / riaccredito del pagamento in caso di contestazione)<br>\r\n- Non devi versare un Anticipo Conversazioni\r\n(se già versato ti sarà restituito in fattura)<br><br>\r\n\r\n<b>Come richiedere la domiciliazione della fattura</b><br>\r\n- Online nella sezione MyTIM Fisso<br>\r\n- App MyTIM Fisso da smartphone/tablet<br>\r\n- Servizio Clienti linea fissa 187 comunicando il tuo codice Iban<br>\r\n- Direttamente al tuo istituto bancario \r\no presso l''ufficio postale<br>', '', 0, 4),
(20, 'Richiedere un rimborso', 'Se hai effettuato un pagamento non dovuto o se hai diritto alla restituzione dell’anticipo conversazioni interurbane puoi richiederne il rimborso.<br><br>\r\n\r\n<b>Rimborso per doppio pagamento</b><br>\r\nSe desideri chiedere il rimborso per un pagamento già effettuato, chiama il Servizio Clienti 187. Ti sarà chiesto di lasciare un tuo recapito telefonico e sarai ricontattato, entro quattro giorni lavorativi, dal nostro ufficio amministrativo per verificare i dati inerenti ai pagamenti effettuati ed eventualmente concordare le modalità per il rimborso.<br><br>\r\n\r\n<b>Rimborso per anticipo conversazioni nazionali</b><br>\r\nSe hai aderito al servizio di domiciliazione bancaria della tua fattura e ti risulta ancora non accreditato il rimborso per anticipo conversazioni, chiama il Servizio Clienti 187. I nostri operatori effettueranno insieme a te tutte le opportune verifiche.<br><br>\r\n\r\n<b>Rimborso per fattura negativa</b><br>\r\nPer conoscere tempi e modalità di rimborso, chiama il Servizio Clienti 187. I nostri operatori effettueranno insieme a te tutte le opportune verifiche.<br>\r\n\r\n', '', 0, 4),
(21, 'Le promozioni e i rinnovi automatici per Clienti Ricaricabili', 'Se hai acquistato una Promozione che prevede il rinnovo periodico di un bundle di traffico in chiamate, SMS o navigazione Internet, ti ricordiamo che il rinnovo dell’opzione avverrà al massimo entro 4 ore dalla mezzanotte della data di scadenza prevista dall’offerta.<br><br>\r\n\r\nSe hai una linea Ricaricabile ed hai acquistato una Promozione che prevede il rinnovo periodico di un bundle di traffico in chiamate, SMS o navigazione Internet, ti ricordiamo che il rinnovo dell’opzione avverrà al massimo entro 4 ore dalla mezzanotte della data di scadenza prevista dall’offerta. Il rinnovo è sempre confermato con un SMS.<br><br>\r\n\r\nTi ricordiamo di verificare che il giorno del rinnovo la tua TIM Card disponga di un credito sufficiente.<br><br>\r\n\r\nPrima di usufruire del servizio ti invitiamo comunque a verificare l’avvenuto rinnovo del bundle previsto dalla Promozione contattando il numero gratuito 40916 (per Clienti Ricaricabili).<br><br>\r\n\r\nInoltre potrai sempre verificare lo stato della tua Promozione consultando l''MyTIM Mobile, navigando dal telefonino sul sito TIM.it ottimizzato per il tuo Smartphone, oppure attraverso l''app MyTIM Mobile.<br>', '', 0, 5),
(22, 'Scopri come consultare i consumi della tua linea con abbonamento', 'Puoi consultare i consumi del tuo abbonamento direttamente online, chiamando il numero gratuito 40915 o navigando da telefonino. Scopri come.<br><br>\r\n\r\nPuoi consultare i consumi del tuo abbonamento<br><br>\r\n \r\n\r\n<b>Direttamente online</b><br>\r\nRegistrandoti a MyTIM Mobile potrai verificare, aggiornate alla data riportata sul sito:<br><br>\r\n\r\n   <b>1. Traffico VOCE</b>, che è composto da:<br>\r\n- "Traffico Voce Nazionale": è l''importo che comprende le chiamate effettuate dall’Italia verso numerazioni nazionali e verso numerazioni speciali.<br>\r\n- "Traffico Voce Internazionale": è l''importo che comprende le chiamate effettuate dall''Italia verso numeri esteri.<br>\r\n- "Traffico Voce PayForMe" : è l’importo complessivo del traffico voce effettuato utilizzando il servizio di addebito della chiamata "4088 PayForMe".<br>\r\n- "Traffico Roaming (Voce)": è l''importo delle chiamate effettuate e ricevute all’estero.<br><br>\r\n\r\n<b>2. Traffico SMS/MMS</b>, che include:<br>\r\n- "Traffico SMS": è l''importo che comprende i messaggi di testo inviati verso numerazioni mobili e di rete fissa.<br>\r\n- "Traffico MMS": è l''importo che comprende i messaggi multimediali (mms) inviati verso numerazioni mobili e di rete fissa.<br><br>\r\n\r\n<b>3. Altro traffico dati / Servizi Interattivi</b>, che comprende:<br>\r\n- "Navigazione wap" è l''importo che comprende il traffico effettuato per la trasmissione di dati/connessione ad internet utilizzando la modalità wap (punto di accesso alla rete dati per la connessione: wap.tim.it).<br>\r\n- "Altro traffico dati" è l''importo che comprende il traffico effettuato per la trasmissione di dati/connessione ad internet utilizzando tutti gli altri punti di accesso alla rete dati.<br>\r\n- "Wifi" è l’importo complessivo del traffico effettuato da accesso Wifi.<br>\r\n- "Servizi interattivi" è l’importo che comprende gli addebiti per la ricezione/invio di sms/mms da numerazioni brevi a contenuto speciale (esempio: logo, suoneria, sfondo), gli sms utilizzati attraverso il servizio "4088 PayForMe sms", e tutti i servizi supplementari non inclusi nei contatori precedenti.<br><br>\r\n\r\n<b>Chiamando dal tuo telefonino il numero gratuito 40915:</b><br>\r\nE'' importante sapere che il "traffico online" si riferisce ai consumi non inclusi nel costo di eventuali offerte e promozioni attive sulla tua linea. I consumi si riferiscono al periodo che intercorre dal primo giorno del bimestre di riferimento alla data comunicata dalla fonia. <br>\r\nSe hai attivato una o più promozioni, al tasto 2 puoi verificare il residuo dei bonus corrispondenti e i numeri amici. Questo fa riferimento al periodo compreso tra il primo giorno del mese in corso e la data comunicata dalla fonia della voce guida. <br><br>\r\n\r\nPuoi contattare il 40915 anche solo inviando un sms gratuito con le seguenti sintassi:<br>\r\nSALTOT    per conoscere il saldo complessivo ed eventuale bonus.<br>\r\nSALNAZ    per conoscere il saldo del traffico nazionale.<br>\r\nSALITZ     per conoscere il saldo del traffico internazionale.<br>\r\nSALROA   per conoscere il saldo del traffico roaming.<br>\r\nSALSMS   per conoscere il saldo del traffico sms.<br>\r\nSALMMS  per conoscere il saldo del traffico mms.<br>\r\nSALWAP  per conoscere il saldo del traffico wap.<br>\r\nSALDATI  per conoscere il saldo del traffico dati web (punto di accesso ibox.tim.it).<br>\r\nSALWIFI  per conoscere il saldo del traffico wifi.<br>\r\nSALVAS   per conoscere il saldo del traffico di tutti i servizi supplementari (esempio: sms interattivi).<br>\r\n<b>Riceverai un sms di risposta con le informazioni richieste.</b><br><br>\r\n\r\n<b>Navigando dal telefonino:</b><br>\r\nSul sito TIM.it ottimizzato per il tuo smartphone, oppure attraverso l''App MyTIM Mobile , attualmente disponibile in download gratuito nelle versioni per iPhone e per smartphone con sistema operativo Android.<br>\r\n\r\n', '', 0, 5),
(23, 'Soglia di protezione e blocco del traffico dati', 'Con TIM puoi proteggere la tua spesa mensile per navigare su internet con il telefonino, tablet  o chiavetta. Scopri inoltre, come fare per bloccare il traffico dati nel caso in cui tu voglia inibire il servizio sulla tua linea.<br><br>\r\n\r\nTIM ti permette di proteggere la tua spesa mensile per navigare su internet con il telefonino, tablet o chiavetta dandoti, inoltre, la possibilità di bloccare il traffico dati.<br><br>\r\nIn caso tu non abbia attivato una delle nostre offerte dati ed effettui navigazione internet, la <b>soglia di protezione</b>, che è attiva automaticamente su tutte le linee, monitorerà la tua spesa mensile e in caso di raggiungimento dell’importo di 60€ (IVA inclusa) la linea verrà bloccata al traffico dati per tutelarti, mentre il servizio di fonia e sms continuerà a funzionare.<br>', '', 0, 5),
(24, 'Il mio Conto Online', '<b>Cos''è "Il mio Conto Online"</b><br><br>\r\n\r\nE’ il servizio gratuito che ti permette di visualizzare la fattura della tua linea fissa direttamente online, prima ancora che sia recapitata a casa via posta.\r\nUtilizzando il servizio "Il mio Conto" puoi inoltre scegliere di non ricevere più la tua fattura in versione cartacea, risparmiando così i relativi costi, se hai richiesto la domiciliazione su conto corrente bancario/postale dei pagamenti.<br><br>\r\n\r\n<b>Come aderire a "Il mio Conto Online"</b><br><br>\r\n\r\nAderire è molto semplice. Basta registrarsi qui ed in fase di registrazione ti verrà chiesto di inserire il tuo codice fiscale ed il tuo indirizzo email (che diventerà la tua username). Se lo desideri, una volta registrato e domiciliato il pagamento delle fatture, puoi selezionare l’opzione di eliminazione dell’invio cartaceo della fattura.<br><br>\r\n\r\n<b>I vantaggi di "Il mio Conto Online"</b><br><br>\r\n\r\nI vantaggi offerti dal servizio sono molti:<br>\r\n- puoi consultare online in qualsiasi momento le fatture degli ultimi 12 mesi con il relativo stato di pagamento e con la possibilità di visualizzarle in formato .pdf, di salvarle sul tuo PC, di inviarle alla tua casella e-mail, di avere chiarimenti sul significato delle singole voci in fattura;<br>\r\n- puoi inviare segnalazioni al Servizio Clienti linea fissa 187 (ad es. segnalazione di errato addebito del traffico, richiesta di abilitazione o cessazione di un servizio, ecc.);<br>\r\n- hai maggior tempo a tua disposizione per controllare la fattura oltre ad avere la certezza di riceverla sempre e di non smarrirla;<br>\r\n- hai a disposizione la documentazione integrale delle tue telefonate che potrai analizzare selezionandole per tipo di chiamata, offerta, data, numero chiamato, fascia oraria, durata e costo e puoi  analizzare l’andamento dei consumi degli ultimi 12 mesi in forma tabellare e grafica;<br>\r\n- puoi visualizzare il traffico in chiaro relativo alle ultime quattro fatture;<br>\r\n- ogni mese riceverai una notifica via e-mail e sms, se ci fornisci il tuo numero mobile, sulla disponibilità dell’ultima fattura emessa all’interno della sezione MyTIM Fisso.<br>', '', 0, 6),
(25, 'Documentazione dei consumi', 'Consulta il dettaglio delle chiamate e i tabulati dei consumi telefonici di casa.<br>\r\n<br>\r\nÈ un servizio gratuito e su richiesta e permette di avere, ogni mese con la tua fattura, il dettaglio delle telefonate effettuate e dei servizi utilizzati.<br><br>\r\n\r\nRiporta le chiamate effettuate dalla tua linea telefonica con l’indicazione del tipo di chiamata (es. locale, interurbana, ecc.) dell’offerta in cui rientra la chiamata, della data, dell’ora, del numero chiamato con le ultime cifre asteriscate, della fascia tariffaria, della durata e del costo.\r\n<br><br>\r\nLa documentazione dei consumi è disponibile in due modalità:<br>\r\n- integrale, in cui sono riportate tutte le telefonate<br>\r\n- superiore a 26 cent, elenca solo le telefonate con addebito superiore a questo importo.<br>', '', 0, 6),
(26, 'Connettersi a Internet col telefonino', 'Normalmente i telefoni commercializzati da TIM sono già predisposti per il collegamento Internet in maniera automatica, altrimenti dovrai eseguire la procedura di configurazione del servizio.<br><br>\r\nDi seguito i passi da effettuare per capire se il tuo telefonino è configurato:<br>\r\n- Se hai un telefonino TIM, ti basterà cliccare sull’icona del Browser Internet;<br>\r\n- Se invece non hai un telefonino TIM, ti basterà cliccare sull’icona del Browser Internet e digitare l''indirizzo "wap.tim.it".<br><br>\r\nSe non riesci a collegarti in questi modi, il tuo telefonino deve essere ancora configurato.<br><br>\r\n\r\nPuoi farlo manualmente consultando le guide di configurazione specifiche per il tuo dispositivo, disponibili nella sezione “Configura online", selezionando dal menù a tendina la marca e il modello. <br>\r\nSe non ricordi il modello specifico del tuo Smartphone o Tablet, puoi verificarlo entrando in  MyTIM Mobile. Il tuo dispositivo sarà automaticamente riconosciuto e potrai visualizzarne marca e modello.<br><br>\r\n\r\nPer alcuni modelli puoi configurare in maniera automatica il tuo telefonino alla navigazione e agli MMS contattando il numero gratuito 40920, opzione 4.<br><br>\r\n\r\n\r\n<b>Nota Bene:</b><br>\r\nAl momento della connessione se non hai attivato alcuna Offerta Internet, sarà applicata la tariffa base per navigare da telefonino - Flat Day.<br>\r\nNella sezione dedicata fra le Offerte Internet proposte da TIM troverai quella più adatta alle tue esigenze.<br>\r\nPuoi decidere di bloccare il traffico dati, vedi qui come fare.<br>', '', 0, 7),
(27, 'Assistenza tecnica specializzata con SOSsmartphone', '<b>SOSsmartphone</b> è il servizio di TIM per tutti i clienti, Ricaricabili o con Abbonamento, che permette di ricevere un’assistenza tecnica specializzata e personalizzata per la gestione del proprio smartphone o tablet.\r\n<br><br>\r\nGrazie al servizio SOSsmartphone potrai parlare con un esperto che ti fornirà tutta la consulenza e l’assistenza “premium” di cui necessiti e che soprattutto sarà in grado di connettersi in remoto ed operare direttamente sul tuo dispositivo.<br><br>\r\n\r\nI servizi che potrai ricevere con SOSsmartphone sono:<br>\r\n- supporto per trasferimento dati in caso di cambio telefono: esempio trasferimento rubrica, foto, sms;<br>\r\n- consulenza nell’utilizzo delle funzioni avanzate dello smartphone;<br>\r\n- assistenza specialistica sulle configurazioni avanzate dello smartphone e integrazione nella tua rete domestica;<br>\r\n- gestione e sincronizzazione dei tuoi contenuti multimediali;<br>\r\n- supporto per garantire il massimo della sicurezza;<br>\r\n- conservazione e protezione dei tuoi dati;<br>\r\n- trasferimento di contenuti;<br>\r\n- aggiornamento del tuo smartphone;<br>\r\n- effettuazione check up.<br><br>\r\n\r\nPer richiedere il servizio SOSsmartphone potrai:<br>\r\n- contattare il numero 0458214811 (chiamata a pagamento in base al proprio piano tariffario/offerta);<br>\r\n- scaricare l’App SOS Smartphone da APP Store (per iOS) e Google Play (per Android) e richiedere l’intervento.<br><br>\r\nIl servizio SOSsmartphone prevede un costo ad intervento a partire da 3€ (IVA inclusa). L’importo sarà addebitato in fattura se sei un cliente con Abbonamento mentre sarà scalato dal credito residuo se sei un cliente Ricaricabile.<br>\r\nDal 12 maggio inoltre il servizio SOSsmartphone è disponibile anche in abbonamento a 2€/mese. In questo modo avrai l’assistenza di cui hai bisogno sempre disponibile e completa per un anno.<br><br>', '', 0, 7),
(28, 'Memotel', 'Il servizio di segreteria telefonica Memotel di Telecom Italia ti consente, senza apparecchi aggiuntivi, di registrare fino a 15 messaggi per un tempo massimo di 90 secondi ciascuno e di ascoltarli anche fuori casa da telefoni fissi o cellulari tramite il codice PIN personale.<br><br>\r\n\r\nMemotel può essere attivata su linea telefonica tradizionale, ISDN e su numeri aggiuntivi VoIP; è un servizio centralizzato e funziona anche in assenza di corrente elettrica (nel caso di fonia tradizionale o ISDN).<br><br>\r\n\r\n<b>Attivazione</b><br>\r\n\r\nDopo aver richiesto Memotel al Servizio Clienti 187:<br>\r\n- per attivare il servizio : digita * 63 #<br>\r\n- per disattivare il servizio digita # 63 #<br><br>\r\n\r\n<b>Utilizzo e interrogazione</b><br>\r\n\r\nIl codice PIN di sicurezza è inizialmente impostato al valore ''1234'', ti consigliamo di personalizzarlo.\r\n\r\n- per ascoltare i messaggi dal tuo telefono : digita 4 * (asterisco) e pronuncia ''Segreteria''<br>\r\noppure digita * # 64 #<br>\r\n- per ascoltare i messaggi da fuori : digita numero tel. + # (durante la risposta segreteria) + PIN<br>\r\n- per modificare il PIN : digita * # 64 # + PIN (il PIN iniziale è 1234) e segui le istruzioni dal menu<br>\r\n- per interrogare lo stato del servizio :   digita * # 63 #<br>', '', 0, 8),
(29, 'Non chiamo e non ricevo telefonate', 'Se non riesci nè a chiamare, nè a ricevere telefonate, alza il ricevitore e verifica attentamente che tipo di segnale ascolti. In base alla fonia che hai ascoltato, segui le indicazioni consigliate per individuare le causa del problema riscontrato.', '', 1, 8),
(30, 'Prima installazione', 'Se hai attivato l''offerta TIM SMART FIBRA con opzione autoinstallante, segui le indicazioni riportate nelle guide.<br><br>\r\n\r\nLa confezione di Fibra autoinstallante contiene:<br>\r\n- la scatola del modem Fibra con relativo alimentatore, filtro e i cavi di collegamento<br>\r\n- la scatola contenente i due cordless<br>\r\n- la guida specifica per Fibra autoinstallante.<br><br>\r\n\r\nNella scelta del posizionamento del modem è bene considerare come preferisci utilizzare i servizi Internet all''interno della tua abitazione.<br>\r\n\r\nTi consigliamo, dove possibile, di collegare al modem i dispositivi come TV, decoder e console giochi con il cavo di rete Ethernet. In tal caso posiziona il modem nelle immediate vicinanze di uno di questi device per assicurarti l''utilizzo ottimale della tua linea Fibra.<br><br>\r\n\r\nSe invece utilizzi un collegamento Wi-Fi, accertati di posizionare il modem in un punto centrale rispetto alla tua abitazione in modo che tutti i locali abbiano sufficiente segnale. <br>\r\nRicordati che per sua natura, il segnale Wi-Fi può subire interferenze e quindi le prestazioni della connessione possono degradare.<br><br>\r\n\r\n<b>Attivazione del Servizio Fibra</b><br><br>\r\n\r\nPer completare l''attivazione del servizio Fibra è necessario seguire i seguenti passi:\r\n<br>\r\n- Chiama dal cordless collegato al modem Fibra il Numero Verde 800.001.949 e conferma l’avvenuta installazione seguendo le indicazioni della voce registrata. <br>\r\n- Entro 4 giorni lavorativi dalla tua telefonata di conferma al Numero Verde, verrà completata l’attivazione della linea Fibra. Nel frattempo puoi continuare a navigare e ad utilizzare anche i tuoi vecchi telefoni collegati alle altre prese telefoniche di casa.<br> <br>\r\nAd attivazione avvenuta invece, continueranno a funzionare solo i telefoni collegati al modem Fibra, come ad esempio i cordless ricevuti. E’ quindi necessario staccare gli altri telefoni e altri filtri collegati all’impianto telefonicoper evitare un degrado delle prestazioni della tua linea fibra. <br>\r\nSe hai più telefoni disposti per la tua abitazione puoi richiedere un intervento del tecnico per riutilizzare anche gli altri telefoni, ricordando però che tale assistenza è a pagamento: per richiedere un intervento di Assistenza a pagamento clicca sul pulsante SOS PC.<br>\r\nDopo l’attivazione dell’offerta Fibra, tutti i telefoni collegati al tuo impianto telefonico non saranno più utilizzabili è necessario quindi scollegare subito tutti i telefoni e i filtri dalle prese a muro.<br>  ', 'img/assistance/fibra_auto_kit.jpg', 0, 9),
(31, 'ADSL2+ Wi-Fi N - DA2210', 'Il modem ADSL2+ Wi-Fi N - DA2210 permette il collegamento ad Internet fino a 20 Megabit .    \r\nE'' dotato di una porta Usb Master per collegare e condividere, nella tua rete, stampanti, hard disk o chiavette. Il modem è compatibile con i sistemi Windows XP e successivi, Mac OS 10.5 e successivi e Linux. <br><br>\r\n\r\nDopo il primo avvio, in base ai servizi sottoscritti,  si configura in automatico per il corretto funzionamento.<br><br>\r\n\r\n<b>Per procedere all''installazione del modem</b> ADSL2+ Wi-Fi N - DA2210, segui le istruzioni riportate:<br><br>\r\n\r\nScollega eventuali telefoni ed inserisci il filtro ADSL nella presa telefonica. <br>\r\n- Collega il filtro ADSL, incluso nella confezione, alla presa telefonica a muro (nel caso di presa a muro tripolare, utilizza un adattatore per collegare il filtro ADSL alla presa);<br> \r\n- Collega il cavo telefonico grigio all''ingresso del filtro dove è riportata la voce MODEM e l''altra estremità alla porta DSL di colore grigio del modem.<br><br>\r\n\r\nCollega la spina dell''alimentatore alla presa elettrica ed inserisci lo spinotto dell''alimentatore nell''ingresso Power del modem. Accendi il modem tramite l''interruttore On/Off. <br><br>\r\n\r\nAll’accensione del modem il led Power, posizionato nel pannello frontale del modem, diventa verde\r\nfisso e i led DSL e Service iniziano a lampeggiare.<br>\r\nIl modem avvierà la fase di sincronizzazione della linea (allineamento), durante la quale lampeggerà il led DSL.<br>\r\nSe:\r\n- il led DSL diventa acceso fisso di colore verde, la sincronizzazione è avvenuta con successo e si può procedere con il collegamento.<br>\r\n- il led DSL continua a lampeggiare, il dispositivo non riesce a sincronizzarsi con la centrale. <br>\r\nIn questo caso, se il led lampeggia per più di un minuto, verifica che il dispositivo sia correttamente collegato al tuo impianto telefonico (punto 1) e che quest''ultimo sia perfettamente funzionante. Se il problema persiste, contattaci.<br><br>\r\nQuando i led DSL e Service sono accesi fissi di colore verde (la fase di configurazione automatica potrebbe richeidere circa 5 minuti) il <b>modem è pronto per essere collegato ai tuoi dispositivi</b>. ', 'img/assistance/DA2210_Installazione.png', 0, 9),
(32, 'Gestione Posta', 'Per consultare la tua casella di posta elettronica <b>@tim.it</b> o <b>@alice.it</b> accedi all''indirizzo https://mail.alice.it con qualsiasi collegamento ad Internet e qualsiasi browser ed inserisci il tuo indirizzo di posta elettronica e la relativa password.<br><br>\r\n\r\nPer accedere ai tuoi messaggi clicca su POSTA IN ARRIVO  nel menu in alto della tua webmail o dall’indicazione dei messaggi da leggere nella pagina principale di TIM Mail.\r\n\r\n<br><br>\r\n\r\nI messaggi ricevuti vengono memorizzati automaticamente nella cartella Posta in arrivo della tua webmail. I messaggi ancora da leggere vengono visualizzati con carattere grassetto ed è possibile personalizzare la visualizzazione dei messaggi modificando l''ordine e l''anteprima. Per scrivere un nuovo messaggio clicca sul tasto Scrivi. <br><br>\r\n\r\nTi informiamo che Telecom Italia, per preservare i propri clienti dallo spamming, ovvero l’invio e la ricezione di messaggi indesiderati ad un gran numero di destinatari, stabilisce e modifica all’occorrenza il numero massimo di contatti che è possibile inserire in ogni e-mail da inviare e il numero massimo di invii giornalieri che è possibile effettuare.\r\n<br><br>\r\nIl numero massimo di destinatari (considerando tutti i destinatari in A, CC e CCN) sia tramite webmail che tramite programma di posta (es. Microsoft Outlook) che attualmente è possibile inserire è 50.\r\nIl numero massimo di invii giornalieri attualmente possibile è 200. <br><br>\r\n\r\nTelecom Italia SpA avvisa che, nella sua continua opera di prevenzione contro lo spam e di lotta agli spammer che utilizzano le sue risorse di rete e di posta elettronica,  potrà modificare questi parametri, senza darne preventiva comunicazione alla clientela.<br><br>\r\n\r\nPuoi gestire la tua posta elettronica tramite le funzioni di risposta al mittente o a tutti gli indirizzi, inoltro, spostamento ed eliminazione dei messaggi e hai la possibilità di  impostare la posta indesiderata attraverso la funzionalità di  Spam, i filtri e Blocca il contatto. \r\n<br><br>\r\nPer archiviare la tua posta puoi creare e modificare le cartelle personali  e puoi personalizzare le caratteristiche della tua casella di posta tramite le  Impostazioni (regole, caselle esterne, Giga Allegati, etc.). <br>\r\nE'' possibile effettuare la ricerca dei messaggi sia attraverso l'' icona lente che tramite la Ricerca Avanzata.', 'img/assistance/posta_in_arrivo_TIM.jpg', 1, 10),
(33, 'Frodi informatiche via email', 'Ti informiamo che sono in aumento i casi di mail fraudolente che sembrano inviate da Istituti di credito, Aziende, Enti, gestori e fornitori di servizi noti al pubblico e si sta diffondendo un pericoloso virus informatico anche a causa di queste mail.<br><br>\r\n\r\nLe mail fraudolente, come quella riportata nell’esempio inviata a nome del Servizio Clienti TIM, contengono messaggi con indicazioni ingannevoli riguardanti presunte spedizioni a tuo favore oppure un link o un allegato.<br><br>\r\n\r\n<b>Attenzione</b> ti invitiamo a non aprire mai allegati sospetti inviati da fonti sconosciute e a non inviare mai dati personali, rispondendo ad email che sembrano inviate da TIM. Infatti nelle comunicazioni che TIM invia ai propri clienti non vengono mai richiesti dati personali nè viene allegata la fattura o altri documenti, ma si invita il cliente a recuperare la fattura on-line dal sito www.tim.it  nella sezione autenticata MyTIM Fisso.<br><br>\r\n\r\nSpesso il file allegato, in genere di formato .zip o .pdf, è un virus tra questi alcuni di quelli più pericolosi, denominati Criptolocker o la sua versione più recente CryptoWall, sono segnalati per la crescente diffusione sul sito della Polizia Postale. Questi virus, una volta scaricati e attivati, criptano tutti i dati del computer. <br>\r\nPer riaprire i file e rientrare in possesso dei propri documenti, l’utente viene ricattato: un messaggio a video (come quello in figura) invita al pagamento di una somma di alcune centinaia di euro in bitcoin a fronte del quale verrà inviata una e-mail con il programma per la decriptazione e il recupero dei dati.<br><br>\r\n\r\nSi tratta di un ricatto telematico ovvero di una frode informatica che va denunciata alla Polizia Postale.<br><br>\r\n\r\nConsigli per difendersi dal virus: <br>\r\n• tenere sempre aggiornato il software del proprio computer <br>\r\n• adottare di un buon antivirus. <br>\r\n• fare sempre un backup dei propri file su un dispositivo esterno <br>\r\n• fare attenzione alle mail inattese e sospette in arrivo evitando di cliccare sui link o di aprire gli allegati.<br><br>\r\n\r\nCosa è importante fare se si è aperto un link o un allegato di una email sospetta:<br> \r\n• staccare immediatamente il pc dalla rete in modo tale da non permettere al virus di scrivere su disco e criptare anche i  file di sistema <br>\r\n• spegnere subito il pc <br>\r\n• non cedere al ricatto e rivolgersi alla Polizia Postale <br>', 'img/assistance/email-fraudolenta.jpg', 0, 10),
(34, 'Decoder TIMvision', 'Di seguito è riportato il significato dei led e delle porte presenti sul decoder  TIMvision.<br><br>\r\n\r\n<b>Led parte frontale</b><br><br>\r\n\r\n1 - Led di Stato del decoder TIMvision:<br> \r\nVERDE: acceso<br>\r\nROSSO: standby<br>\r\nVERDE lampeggiante: aggiornamento in corso (non spegnere o scollegare da Internet)<br>\r\nROSSO lampeggiante: condizione d''errore; contattare il Numero Verde 800.187.800<br> \r\n2 - Ricevitore infrarossi per il telecomando\r\n<br><br>\r\n\r\n<b>Porte pannello posteriore</b><br><br>\r\n3 - Presa per il cavo di alimentazione elettrica  <br>\r\n4 - Interruttore di accensione/spegnimento (I: acceso) <br>\r\n5 - Porta Ethernet per collegamento via cavo al modem Telecom Italia<br>\r\n6 - Porta HDMI per collegamento alla TV (necessario per i contenuti HD)<br>\r\n7 - Sigillo di garanzia del prodotto<br>\r\n8 - Porta USB 2.0<br>\r\n9 - Uscita audio digitale ottica per il collegamento al corrispondente ingresso del televisore o dell''amplificatore  multicanale o stereo<br>\r\n10 - Connettore video analogico<br>\r\n11 - Connettori audio analogici (R e L)  per il collegamento agli ingressi audio analogici della porta AV del televisore o per collegare impianti Home Theatre o HI-FI<br>\r\n12 - Tasto di Reset del decoder. Riporta il dispositivo alle impostazioni di fabbrica. Premere con una punta per 4 secondi fino al lampeggiare verde del led nella parte frontale. Attendere il completamento del reset finchè il led diventa rosso (standby) senza scollegare o spegnere il dispositivo; a questo punto sarà possibile accendere nuovamente il decoder.<br>\r\n13 - Ingresso/uscita Antenna TV per la fruizione dei canali televisivi del digitale terrestre. Collegare il cavo d''antenna dall''impianto di casa al connettore IN e dal connettore OUT alla presa del televisore.<br>', 'img/assistance/timvision_porte.jpg', 0, 11),
(35, 'TIMvision da TV - Errori', 'In questa sezione sono riportati gli errori più frequenti che è possibile riscontrare a video durante l''istallazione e la configurazione del decoder e la visione dei contenuti TIMvision.', '', 1, 11);
INSERT INTO `assistances` (`id_ass`, `title`, `description`, `img`, `highlights`, `subcategory`) VALUES
(36, 'Non navigo', 'Per poter navigare in Internet, è necessario che la connessione sia attiva.<br><br>\r\n\r\nSe la connessione è attiva, ma non riesci a navigare esegui le Verifiche proposte in questa pagina.<br><br>\r\n\r\nSe hai effettuato in sequenza tutte le verifiche e continui a riscontrare il problema, puoi aprire una segnalazione o contattare direttamente l''Assistenza tecnica tramite i pulsanti presenti al termine del percorso.<br><br>\r\n\r\n<b>Verifica presenza proxy</b><br><br>\r\n\r\nIl problema di navigazione potrebbe dipendere dalla configurazione errata del server proxy sul tuo programma per navigare in Internet (browser).<br>\r\nPer navigare correttamente, verifica che il proxy sia disabilitato.<br><br>\r\n\r\n<b>Verifica livelli protezione e privacy</b><br><br>\r\n\r\nL''impostazione di livelli elevati di protezione e privacy sul browser potrebbe inibire la corretta visualizzazione di alcuni siti.<br>\r\nTi consigliamo di portare i livelli ai valori predefiniti e verificare se il problema persiste.<br><br>\r\n\r\nb>Verifica presenza firewall o antivirus</b><br><br>\r\n\r\nVerifica se sul computer è installato ed attivo un programma di protezione Firewall o Antivirus.<br>\r\nTali programmi se configurati in maniera non corretta possono provocare blocchi della navigazione o impedire l''accesso ad alcuni servizi Internet (ad esempio la consultazione della posta elettronica).<br>\r\nSe è presente un software di protezione, prova a controllarne la configurazione e disabilita tutte le opzioni per il controllo virus o del traffico Internet effettuato.<br>\r\n\r\nProva a disabilitare o a disinstallare completamente il software di protezione per verificare se la navigazione riprende a funzionare.<br>', '', 0, 12),
(37, 'Configurazione DNS', 'Per navigare correttamente è necessario che i DNS siano configurati in maniera automatica sulla rete del tuo PC. <br><br>\r\nScegli di seguito il Sistema Operativo che utilizzi e leggi le indicazioni per impostare correttamente i server DNS:', '', 0, 12),
(38, '"Phishing": difenditi dalle e-mail e dagli SMS sospetti!', 'Richiamiamo la tua attenzione sul fenomeno delle truffe on line.<br>\r\nIl "phishing", è una frode finalizzata all’acquisizione via email o SMS, per scopi illegali, di dati personali e riservati.<br>\r\nIl furto dei dati avviene attraverso l’invio di email contraffatte, con grafica e loghi ufficiali di Società, in molti casi anche Banche e Istituti di Credito, che invitano il cliente a fornire informazioni personali, quali ad esempio i dati della carta di credito, o contenenti la richiesta di credenziali per accedere alle proprie aree riservate, ecc.<br><br>\r\n\r\nIn particolar modo ti invitiamo a fare molta attenzione a possibili frodi on line che riguardano operazioni di ricarica.<br>\r\nLa truffa si cela dietro siti non autentici che, a fronte di Ricariche TIM, promettono minuti gratuiti, bonus aggiuntivi, ricariche a prezzi scontati o la cessione del proprio credito tramite servizio TiRicarico. Ad esempio:<br>\r\n“One for two”: se oggi ricarichi online hai 50€ in omaggio.<br>\r\noppure<br>\r\n“Raddoppia di TIM”: solo per oggi la tua ricarica raddoppia.<br><br>\r\n\r\nL’invito a ricaricare può avvenire attraverso annunci rintracciabili in vari forum e/o su EBAY ma anche attraverso email o SMS pubblicitari all’interno dei quali sono presenti link che indirizzano l''ignaro utente su una pagina internet simile nella grafica a quella ufficiale TIM ma in realtà fraudolenta.<br><br>\r\n<b>Per evitare rischi di frode sulla ricarica online, basta seguire queste semplici raccomandazioni</b>:<br>\r\n- Nel caso in cui tu abbia ricevuto una email sospetta, evita di aprirla ed, in particolar modo, evita di "cliccare" sui link in essa presenti.<br>\r\n- Nel caso in cui tu abbia ricevuto un SMS sospetto, evita di “cliccare” sui link in esso presenti.<br>\r\nAccertati sempre che il dominio riservato alle ricariche TIM sia www.tim.it (per esempio https://www.tim.it/) e non altri.\r\n<br><br>\r\nTi ricordiamo che nella maggior parte dei casi le email fraudolente sono <b>facilmente riconoscibili</b> in quanto presentano le seguenti caratteristiche:<br>\r\n- non contengono il nome ed il cognome del destinatario (il truffatore in realtà invia il messaggio "a caso", ad un numero molto elevato di indirizzi email, facendo spamming).<br>\r\n- sono spesso scritte in un italiano approssimativo e contengono inesattezze ed elementi "strani" rispetto al formato usato tradizionalmente dall''ente simulato.<br>\r\n- invitano a visitare siti con indirizzi diversi da quello del sito web ufficiale dell’ente simulato.<br>\r\nIn generale, ti invitiamo a diffidare sempre delle email che chiedono l’inserimento di dati personali e riservati, anche qualora ti pervengano da indirizzi che sembrano far riferimento a TIM.<br><br>\r\n\r\nInoltre, il phishing può nascondersi anche dietro una chiamata ad esempio dal numero +3906/119119, che invita ad andare sul sito www.timantifrode.net ad inserire i propri dati anagrafici, altrimenti la linea sarà disattivata.<br><br>\r\n\r\nNell’ esempio che trovate a lato, l’indirizzo dei sito di ricarica contraffatto non ha il dominio tim.it ossia non inizia con https://www.tim.it/... o https://m.tim.it/...<br>\r\nInfatti nell’ esempio l’indirizzo del sito fraudolento è https://roaringlion.com/adsl?=www.tim.it/zzz...<br>\r\nInoltre, nel campo relativo al taglio di ricarica dei siti contraffatti ci possono essere riferimenti a BONUS aggiuntivi o OMAGGI mentre nel sito ufficiale TIM, nel campo “taglio” vengono indicati esclusivamente gli importi delle ricariche reali.<br>', 'img/assistance/phishing.jpg', 0, 13),
(39, 'Navigare sicuri', 'Sicurezza in rete, come navigare in maniera protetta evitando virus informatici e violazione della privacy.<br><br>\r\n\r\nLa navigazione in Internet, vista l’enorme diffusione e la facilità di accesso alla rete, se non effettuata con attenzione, può essere la causa di spiacevoli episodi quali: \r\n<br>\r\n- infezioni da Virus<br>\r\n- ricezione di mail indesiderate (spam)<br>\r\n- violazione della privacy<br>\r\n- furti di credenziali di accesso (phishing)\r\nminacce alla sicurezza dei minori<br><br>\r\nCon poche e semplici accortezze potrai evitare di incorrere in questi pericoli.<br><br>\r\n\r\nSe vuoi evitare <b>virus informatici</b> ricorda di usare e aggiornare con una certa continuità software dedicati come antivirus o firewall che sono in grado di identificare e bloccare attacchi esterni pericolosi. Evitare siti dal contenuto poco raccomandabile o evitare di scaricare, aprire o installare file sconosciuti o di dubbia provenienza, può aiutare ad impedire il diffondersi di questi agenti malevoli.\r\n<br><br>\r\nAnche lo <b>spam</b> può essere tenuto sotto controllo con particolari software informatici, antispam, da installare e tenere aggiornati sul tuo PC.<br><br>\r\n\r\nPer evitare <b>violazioni della privacy</b> non diffondere dati strettamente personali come nome e cognome, indirizzo o numero di telefono e soprattutto gestisci al meglio le password che utilizzi per accedere a pagine web che contengono i tuoi dati sensibili.\r\n<br><br>\r\nPer non incorrere in problemi di <b>phishing</b> ricorda di fare attenzione sempre al mittente delle mail che ricevi e diffida sempre di mail ricevute dalla posta o da banche che richiedono i tuoi dati; nel dubbio potrai sempre chiamare il mittente per avere una conferma sull’autenticità della mail. Ancora, non fornire mai informazioni sul tuo conto corrente bancario o sulla carta di credito se non sei sicuro dell’affidabilità del sito dove stai acquistando.<br>', '', 0, 13),
(40, 'Cos’è TIMgames', 'TIMgames è servizio TIM edicato al gaming che consente a tutti i clienti di scaricare su tablet e smartphone i migliori giochi on demand e in abbonamento per il mondo mobile.\r\n<br><br>\r\nCon TIMgames avrai a disposizione una library di oltre 1500 giochi, aggiornata ogni settimana con nuovi titoli e giochi in offerta presenti nell’area promozioni dello store.<br><br>\r\n\r\nTIMgames èaccessibile sia da App (scaricabile da Google Play) che da browser su www.timgames.it L’utente può scegliere la modalità di acquisto preferita tra on demand e abbonamento.<br><br>\r\n\r\nIn particolare:<br>\r\n- <b>On demand</b>: a partire da 0,49€, acquistando e scaricando un gioco sul proprio telefonino;<br>\r\n- <b>In abbonamento</b>: con I Love Games Promo, a soli 2€ a settimana si possono scaricare senza limiti tutti i giochi presenti su TIMgames. Il primo mese è in promozione a solo 1€ a settimana.<br>', 'img/services/logo_tim_games.jpg', 0, 14),
(41, 'Tutti i modi per abbonarsi', 'Con TIMgames hai la possibilità di scegliere tutti i giochi che vuoi per il tuo telefonino in due semplici modalità:<br>\r\n- <b>On demand</b>: basta accedere al sito mobile www.timgames.it oppure dall’App TIMgames e scegliere tutti i giochi presenti. Il prezzo è indicato accanto ad ogni titolo. Inoltre, all’interno della sezione promozioni, troverai molti giochi da provare gratuitamente prima di effettuare l’acquisto;<br>\r\n- <b>Abbonamento</b>: per attivare I Love Games Promo, a soli 2€ a settimana in promo a metà prezzo per il primo mese, puoi andare in qualsiasi negozio TIM, chiamare il 119, il 409167 oppure tramite il sito tim.it\r\nIn entrambi i casi, accedendo alla sezione MyTIMgames, potrai visualizzare tutti i giochi scaricati e gestire gli abbonamenti sottoscritti.<br>', 'img/services/logo_tim_games.jpg', 0, 14),
(43, 'Tutti i modi per acquistare', 'Abbonarsi a TIMmusic è semplice e il traffico per lo streaming della musica non consuma i tuoi GB.<br><br>\r\n\r\nSe sei un cliente TIM puoi attivare l’abbonamento per Smarthone e Tablet direttamente nella sezione “Abbonamento” della App. Per iOS occorre accedere dallo smartphone o  tablet a timmusic.it.<br><br>\r\n\r\nSi puo’ attivare TIMmusic anche presso i negozi TIM, chiamando il 40916 (seguendo la voce guida) o da tim.it (anche per chiavetta TIM).<br><br>\r\n\r\nSe sei un cliente con una linea ADSL o Fibra  residenziale Telecom Italia puoi attivare l’Abbonamento TIMmusic per fruirne su PC, da  sito timmusic.it,  dal sito tim.it oppure chiamando il 187.<br>', 'img/services/logo_tim_music.jpg', 0, 15),
(44, 'Cos’è TIMreading', 'TIMreading è lo Store di TIM che permette di acquistare e leggere eBook, quotidiani e Magazine su PC, Tablet e Smartphone.<br><br>\r\n\r\nI contenuti disponibili sullo store sono:<br>\r\n- 11 quotidiani nazionali e sportivi, completi di allegati ed edizioni locali, disponibili in abbonamento settimanale o mensile sul proprio PC, Tablet o Smartphone, per seguire l’informazione dalle prime ore del mattino<br>\r\n\r\n- oltre 50 Magazine in copia singola o in abbonamento, per scoprire le nuove tendenze e nuove mete, seguire i gossip e l’attualità\r\n<br>\r\n- oltre 75.000 eBook tra best seller, gialli, romanzi rosa, classici e tanto altro, per passare il tempo leggendo un buon libro.\r\n<br><br>\r\n \r\n\r\nPuoi attivare diverse offerte per scoprire il servizio TIMreading:<br>\r\n\r\n- abbonamenti a quotidiani e abbonamenti o copie singole di magazine dal sito TIMreading<br>\r\n\r\n- presso i Negozi TIM o sul sito TIM l’abbonamento ad un quotidiano a partire da 15,99€/mese, con i primi 3 mesi gratis o l’abbonamento “I Love Mags” per scegliere ogni mese le riviste che preferisci.<br>\r\n\r\n- presso i Negozi TIM l’abbonamento ad una rivista a partire da 10,99€/mese e hai un secondo abbonamento a scelta in regalo<br>\r\n\r\n- ogni eBook ha il proprio prezzo ed ogni giorno su TIMreading almeno un libro è offerto con oltre il 60% di sconto.<br>', 'img/services/logo_tim_reading.jpg', 1, 16),
(45, 'Tutti i modi per acquistare', 'Su TIMreading puoi acquistare eBook, quotidiani e magazine con queste modalità:\r\n<br>\r\n- tutti i contenuti (eBook, quotidiani e Magazine) sono acquistabili da PC e Tablet accedendo al sito www.timreading.it e navigando nel catalogo<br>\r\n- gli eBook sono acquistabili anche da Smartphone tramite il sito mobile m.timreading.it. In questo caso, per completare l''acquisto, devi aver precedentemente configurato lo strumento di pagamento sul tuo profilo<br>\r\n- gli eBook e Magazine sono acquistabili anche tramite l’ App TIMreading per Smartphone e Tablet Android, nella sezione SHOP (l''App per Smartphone consente l''acquisto dei soli eBook). In questo caso, per completare l''acquisto, devi aver precedentemente configurato lo strumento di pagamento sul tuo profilo.<br>\r\nIl pagamento dei contenuti o degli abbonamenti acquistati su TIMreading può avvenire con carta di credito, addebito in bolletta Telecom Italia o credito mobile TIM/bolletta TIM.<br><br>\r\n\r\nSono accettate tutte le carte di credito del circuito VISA, MasterCard, American Express, comprese le prepagate e le Postepay.<br>\r\nIl numero di carta di credito può essere inserito al momento dell''acquisto o configurato precedentemente tra gli strumenti di pagamento, durante la registrazione allo store o successivamente nel proprio profilo.<br>\r\nQuesto ti consentirà di acquistare i tuoi eBook anche quando sei in mobilità, cioè se accedi allo store TIMreading da Tablet o Smartphone. In ogni caso per garantire la tua sicurezza ti verrà sempre chiesto l''inserimento del codice di sicurezza della tua carta di credito.<br><br>\r\n<b>Attenzione</b>: se acquisti un abbonamento con carta di credito, puoi modificare la carta di credito salvata nel tuo profilo in qualsiasi momento, purché ve ne sia sempre una memorizzata, altrimenti il rinnovo dell''abbonamento non andrà a buon fine e quindi il servizio sarà disattivato.\r\n<br><br>\r\nSe sei cliente privato ADSL di Telecom Italia, puoi addebitare l''importo dei tuoi acquisti sulla bolletta Telecom Italia. Per farlo è necessario abbinare il tuo account TIMreading alla linea di casa.<br>\r\nVai in “Dati anagrafici per il pagamento” del tuo profilo e seleziona ''Aggiungi'' vicino alla voce ''Conto Telecom Italia''. Inserisci il numero di telefono sul quale desideri che vengano addebitati i tuoi acquisti e clicca su ''Verifica''. Assicurati di essere connesso e di navigare attraverso la linea Telecom Italia corrispondente al numero che stai per inserire.<br>\r\nTi ricordiamo che per l''addebito degli acquisti in bolletta, è necessario avere una linea Privata Telecom Italia alla quale può essere associato un solo account TIMreading.\r\nUna volta completata l''operazione di verifica, riceverai un messaggio di conferma e un PIN di 4 cifre. Da quel momento potrai addebitare i tuoi acquisti sulla bolletta Telecom Italia anche quando non navighi da casa usando il PIN fornito.<br><br>\r\n\r\nSe sei cliente TIM puoi addebitare l''importo dei tuoi acquisti sul credito della tua SIM prepagata o in abbonamento. Per farlo è necessario abbinare il tuo account TIMreading al tuo numero di telefono mobile.\r\nVai in “Dati anagrafici per il pagamento” del tuo profilo e seleziona ''Aggiungi'' vicino alla voce ''Credito Telefonico''. Inserisci il numero di telefono sul quale desideri che vengano addebitati i tuoi acquisti e clicca su ''Verifica''. Riceverai una password temporanea che dovrai inserire nell''apposita schermata per completare l''operazione, dopo di che riceverai un messaggio di conferma. Da quel momento potrai addebitare i tuoi acquisti sul credito della tua SIM anche quando navighi da Tablet o da Smartphone.<br><br>\r\n\r\n<b>Attenzione</b>: se acquisti un abbonamento con una SIM TIM, puoi modificare la SIM salvata nel tuo profilo in qualsiasi momento, ma gli abbonamenti continueranno ad essere addebitati sulla numerazione con cui erano stati acquistati. Tutti i nuovi acquisti saranno addebitati sulla nuova SIM che si vuole inserire come strumento di pagamento.<br>', 'img/services/logo_tim_reading.jpg', 0, 16),
(46, 'Cos''è TIMvision', 'TIMvision è la nuova risposta alle esigenze di intrattenimento per tutta la famiglia. E’ la TV on demand di TIM che tramite una connessione ADSL Illimitata o Fibra ti permette di godere di migliaia di titoli.<br><br>\r\nTIMvision è la nuova risposta alle esigenze di intrattenimento per tutta la famiglia. E’ la TV interamente on demand di TIM che tramite una connessione ADSL Illimitata o Fibra ti permette di godere di migliaia di titoli: il grande cinema, le serie TV più appassionanti, i cartoni animati più amati e tanto altro ancora come documentari, reportage e musica.<br><br>\r\n\r\nI clienti TIMvision possono accedere a:\r\n<br>\r\nTIMvision TV<br>\r\nVideostore<br>\r\nFree<br>\r\nReplay TV<br><br>\r\nL''abbonamento TIMvision ti permette di guardare tutti i contenuti su PC, Smart TV o TV con Decoder, tablet e smartphone senza consumare Giga, quando e dove vuoi.', 'img/services/logo_tim_vision.jpg', 1, 17),
(47, 'Tutti i modi per abbonarsi', 'L’abbonamento a TIMvision può essere fatto mediante diverse modalità.<br><br>\r\n\r\n- Se sei cliente TIM, puoi procedere direttamente online dalla sezione OFFERTE o se preferisci recandoti presso un Negozio TIM.<br>\r\n- Puoi richiedere l’abbonamento a TIMvision anche contattando il Servizio Clienti 187 o il 119.<br><br>\r\n\r\nSe possiedi una Smart TV compatibile (Samsung o Lg) potrai abbonarti, una volta scaricata l’app TIMvision, dalla sezione “TIMvision TV”.<br><br>\r\n- Puoi scegliere,  come metodo di pagamento, l’addebito in fattura su linea fissa TIM o la tua carta di credito Visa, Mastercard o American Express.<br>\r\n- Per l’addebito in fattura, su linea fissa TIM, devi essere un cliente con ADSL/FIBRA  di TIM e devi effettuare l’acquisto collegandoti dalla linea di casa, sia tramite collegamento ethernet che tramite Wi-Fi. In questo caso, per completare l’acquisto dell’abbonamento TIMvision TV o anche di un titolo del Videostore, ti verrà richiesto di impostare un PIN per garantirti un acquisto in totale sicurezza.<br><br>\r\n\r\nSe sei un cliente con linea fissa di altro operatore potrai abbonarti a TIMvision pagando con la carta di credito.<br><br>\r\n\r\nUn altro modo semplice per abbonarsi è da app su Tablet/Smartphone. Scarica l’app TIMvision dall’App Store ed entra nella sezione “TIMvision TV”. Puoi scegliere come metodo di pagamento il credito residuo o la tua carta di credito Visa, Mastercard o American Express.<br><br>', 'img/services/logo_tim_vision.jpg', 0, 17);

-- --------------------------------------------------------

--
-- Struttura della tabella `assistance_categories`
--

CREATE TABLE IF NOT EXISTS `assistance_categories` (
  `id_cat` int(11) NOT NULL AUTO_INCREMENT,
  `name` varchar(500) CHARACTER SET utf8 COLLATE utf8_bin NOT NULL,
  `img` varchar(500) NOT NULL,
  PRIMARY KEY (`id_cat`)
) ENGINE=MyISAM  DEFAULT CHARSET=utf8 AUTO_INCREMENT=5 ;

--
-- Dump dei dati per la tabella `assistance_categories`
--

INSERT INTO `assistance_categories` (`id_cat`, `name`, `img`) VALUES
(1, 'Gestione Linea e Servizi', 'img/assistance_categories/01_Gestione_Linea_e_Servizi.png'),
(2, 'Controllo Costi e Pagamenti', 'img/assistance_categories/02_CostiPagamenti.png'),
(3, 'Supporto Tecnico e Configurazioni', 'img/assistance_categories/03_Configurazione.png'),
(4, 'Contenuti e Smart Life', 'img/assistance_categories/04_ConenutiDigitalLife.png');

-- --------------------------------------------------------

--
-- Struttura della tabella `assistance_subcategories`
--

CREATE TABLE IF NOT EXISTS `assistance_subcategories` (
  `id_ass_subcat` int(11) NOT NULL AUTO_INCREMENT,
  `name` varchar(500) CHARACTER SET utf8 COLLATE utf8_bin NOT NULL,
  `category` int(11) NOT NULL,
  PRIMARY KEY (`id_ass_subcat`),
  KEY `CategoryIndex` (`category`)
) ENGINE=MyISAM  DEFAULT CHARSET=utf8 AUTO_INCREMENT=18 ;

--
-- Dump dei dati per la tabella `assistance_subcategories`
--

INSERT INTO `assistance_subcategories` (`id_ass_subcat`, `name`, `category`) VALUES
(1, 'Fisso', 1),
(2, 'Mobile', 1),
(3, 'Cosa puoi fare online', 1),
(4, 'Fisso', 2),
(5, 'Mobile', 2),
(6, 'Cosa puoi fare online', 2),
(7, 'Smartphone e Tablet', 3),
(8, 'Linea telefonica', 3),
(9, 'ADSL e fibra', 3),
(10, 'Posta', 3),
(11, 'Decoder e TV', 3),
(12, 'Navigazione', 3),
(13, 'Sicurezza PC', 3),
(14, 'TIM Games', 4),
(15, 'TIM Music', 4),
(16, 'TIM Reading', 4),
(17, 'TIM Vision', 4);

-- --------------------------------------------------------

--
-- Struttura della tabella `ass_prod`
--

CREATE TABLE IF NOT EXISTS `ass_prod` (
  `id_ass` int(11) NOT NULL,
  `id_prod` int(11) NOT NULL,
  PRIMARY KEY (`id_ass`,`id_prod`),
  KEY `id_prod` (`id_prod`)
) ENGINE=MyISAM DEFAULT CHARSET=utf8;

--
-- Dump dei dati per la tabella `ass_prod`
--

INSERT INTO `ass_prod` (`id_ass`, `id_prod`) VALUES
(1, 5),
(1, 6),
(1, 16),
(2, 1),
(2, 2),
(2, 3),
(2, 4),
(2, 10),
(2, 11),
(2, 12),
(2, 13),
(2, 14),
(2, 15),
(8, 3),
(8, 4),
(8, 13),
(8, 14),
(8, 15),
(9, 1),
(9, 2),
(9, 10),
(9, 11),
(9, 12),
(10, 1),
(10, 2),
(10, 3),
(10, 4),
(10, 10),
(10, 11),
(10, 12),
(10, 13),
(10, 14),
(10, 15),
(14, 16),
(26, 1),
(26, 2),
(26, 10),
(26, 11),
(26, 12),
(27, 1),
(27, 2),
(27, 10),
(27, 11),
(27, 12),
(29, 6),
(30, 6),
(30, 16),
(31, 16),
(34, 20),
(35, 7),
(35, 20),
(36, 5),
(36, 16),
(37, 5),
(37, 6),
(46, 7),
(46, 20),
(47, 7);

-- --------------------------------------------------------

--
-- Struttura della tabella `ass_serv`
--

CREATE TABLE IF NOT EXISTS `ass_serv` (
  `id_ass` int(11) NOT NULL,
  `id_serv` int(11) NOT NULL,
  PRIMARY KEY (`id_ass`,`id_serv`),
  KEY `id_serv` (`id_serv`)
) ENGINE=MyISAM DEFAULT CHARSET=utf8;

--
-- Dump dei dati per la tabella `ass_serv`
--

INSERT INTO `ass_serv` (`id_ass`, `id_serv`) VALUES
(1, 12),
(2, 11),
(2, 13),
(3, 1),
(8, 11),
(8, 13),
(13, 11),
(13, 13),
(14, 12),
(16, 11),
(16, 13),
(18, 12),
(19, 12),
(24, 12),
(26, 13),
(30, 12),
(34, 4),
(35, 4),
(40, 3),
(41, 3),
(43, 1),
(44, 2),
(45, 2),
(46, 4),
(47, 4);

-- --------------------------------------------------------

--
-- Struttura della tabella `images`
--

CREATE TABLE IF NOT EXISTS `images` (
  `id_img` int(11) NOT NULL AUTO_INCREMENT,
  `img` varchar(500) NOT NULL,
  PRIMARY KEY (`id_img`)
) ENGINE=MyISAM  DEFAULT CHARSET=utf8 AUTO_INCREMENT=29 ;

--
-- Dump dei dati per la tabella `images`
--

INSERT INTO `images` (`id_img`, `img`) VALUES
(1, 'img/prodotti/LG_G5_titan.jpg'),
(2, 'img/prodotti/s7edge.jpg'),
(3, 'img/prodotti/iphone6.jpg'),
(4, 'img/prodotti/LG_G5_titan_03.jpg'),
(5, 'img/prodotti/LG_G5_titan_04.jpg'),
(6, 'img/prodotti/ipad_pro.jpg'),
(7, 'img/prodotti/ipad_pro_hero.jpg'),
(8, 'img/prodotti/APPLE_IPAD_97.jpg'),
(9, 'img/prodotti/olivetti-my-way.jpg'),
(10, 'img/prodotti/prodotti_modem_fibra_tim.jpg'),
(11, 'img/prodotti/PowerlineAdapter-1.png'),
(12, 'img/prodotti/DLinkHD.jpg'),
(13, 'img/prodotti/CHROMECAST-1.jpg'),
(14, 'img/prodotti/huawei-p9.jpg'),
(15, 'img/prodotti/APPLE_IPHONE_SE.jpg'),
(16, 'img/prodotti/microsoft-LUMIA950.jpg'),
(17, 'img/prodotti/tabpros.jpg'),
(18, 'img/prodotti/huawei-t1-10.jpg'),
(19, 'img/prodotti/slider-ipad-mini-4.jpg'),
(20, 'img/prodotti/modem-adsl.jpg'),
(21, 'img/prodotti/era_plus_900_tecnoware.jpg'),
(22, 'img/prodotti/slider-repeater-fritz-1750e-01.jpg'),
(23, 'img/prodotti/Nokia-md-12.png'),
(24, 'img/prodotti/02-timvision.jpg'),
(25, 'img/prodotti/03-timvision_back.jpg'),
(26, 'img/prodotti/04-timvision_telecomando.jpg'),
(27, 'img/prodotti/beats-solo2-on-ear-red-1.jpg'),
(28, 'img/prodotti/sandiskWiFi.jpg');

-- --------------------------------------------------------

--
-- Struttura della tabella `products`
--

CREATE TABLE IF NOT EXISTS `products` (
  `id_prod` int(11) NOT NULL AUTO_INCREMENT,
  `name` varchar(300) NOT NULL,
  `price` decimal(8,2) NOT NULL,
  `description` text NOT NULL,
  `specifications` text NOT NULL,
  `promo` tinyint(1) NOT NULL,
  `id_prod_cat` int(11) NOT NULL,
  PRIMARY KEY (`id_prod`),
  KEY `FOREIGN` (`id_prod_cat`)
) ENGINE=MyISAM  DEFAULT CHARSET=utf8 AUTO_INCREMENT=23 ;

--
-- Dump dei dati per la tabella `products`
--

INSERT INTO `products` (`id_prod`, `name`, `price`, `description`, `specifications`, `promo`, `id_prod_cat`) VALUES
(1, 'LG G5', '699.90', 'Il nuovo LG G5 è uno nuovo tipo di smartphone che supera tutti i limiti, con un design modulare completamete in metallo che rivoluziona i canoni di design. Espandi le funzioni, interagisci con gli innovativi LG Friends e prova un''esperienza smartphone realmente innovativa. La rivoluzione di G5 continua con la doppia fotocamera grandangolare, che cattura più di quanto i tuoi occhi riescano a vedere. Anche sotto il sole, perché il nuovo display IPS Quantum è più ricco, luminoso e colorato anche sotto la luce diretta del sole. E ti mostra sempre le notifiche principali anche quando non è attivo. Nuovo LG G5: quello che non ti aspetti, nel palmo della tua mano.<br><br>COMPLETAMENTE IN METALLO<br><br>Bellezza e raffinatezza nel palmo della tua mano. Cerchi da sempre la cura nei dettagli e l''eleganza dei materiali, ed eccoli qui. Il metallo e il vetro si uniscono morbidamente in una forma semplicemente iconica. Che ti dà sensazioni tutte da provare.<br><br>DESIGN MODULARE</br></br>Liberati dalle convenzioni. Il nuovo design modulare con batteria a slitta ti permettere di avere tutto quello che gli altri non hanno mai saputo darti. La libertà di avere uno smartphone in metallo e di poter cambiare la batteria quando desideri. E di espandere le funzioni con nuovi moduli.<br><br> DOPPIA FOTOCAMERA CON LENTI GRANDANGOLARI<br><br>Cattura tutto ciò che vedi! I nostri occhi vedono più di quanto una fotocamera convenzionale riesca a catturare. Ma con LG G5 puoi fare anche di più, perché ha due fotocamere. Con la prima cogli tutti i dettagli. Con la lente grandangolare a 135° della seconda, invece, catturi perfino più di quanto vedono i tuoi occhi. Grattacieli, un concerto o l''intera spiaggia dove ti trovi vivranno nitidi sul tuo nuovo G5<br><br> LUMINOSITÀ ESTREMA<br><br>Ecco uno schermo davvero intelligente. Che riconosce quando sei sotto la luce diretta del sole per offrirti una leggibilità sempre ottimale. Il nuovo display IPS Quantum è più luminoso, più colorato e più chiaro anche in pieno sole.', 'Sistema Operativo Android 6.0<br><br>Display 5.3”<br>Processore Snapdragon™ 820 QuadCore 2.1 GHz - 4G LTE<br>Tecnologia<br>4G cat.6/HSDPA42/UMTS/EDGE/GPRS Frequenze 850/900/1800/1900/2100<br><br>Connettivita<br>Wi-Fi - Bluetooth - Micro USB - NFC<br><br>GPS<br>Integrato<br><br>Display<br>\r\n5.3” 16 Milioni colori Touch<br><br>Fotocamera<br>16 Mpixel/Flash<br><br>Memoria Interna<br>16GB<br>Slot Memory Card Micro SD fino a 2TB<br><br> Processore<br>Processore Snapdragon™ 820 QuadCore 2.1 GHz - 4G LTE<br><br>Formato SIM<br>Nano<br><br>Video<br>Video Recorder e Playback<br><br>Musica<br>MP3 Player<br><br>In dotazione<br>Caricabatteria<br>Cavo dati USB tipo C<br>Auricolare stereo<br>Manuale d’uso rapido<br><br> Dimensioni<br>149,4x73,9x7,3 mm<br><br>Peso<br>159 gr.<br><br> Autonomia(*)<br>Stand-by fino a 100 ore - Conversazione fino a 240 min.<br><br>Note<br> * Le prestazioni delle batterie dipendono da vari fattori tra cui la vicinanza delle antenne, lo stato delle batterie, la posizione geografica e il tipo di rete utilizzata.<br><br>', 0, 1),
(2, 'Samsung Galaxy S7 Edge', '829.90', 'Galaxy S7<br><br>\r\nAbbiamo fatto grandi progressi, superando i limiti odierni e rendendo possibile quello che finora era impossibile, ascoltando sempre i vostri suggerimenti. Abbiamo trovato un perfetto equilibrio tra forma e tecnologia, sviluppando funzioni mai viste nei Galaxy precedenti, e di cui non potrete più farne a meno. Galaxy S7 e S7 edge.<br><br>\r\nDesign<br><br>\r\nNella progettazione di Galaxy S7 e S7 edge non siamo scesi a compromessi. Il risultato è una semplicità d''uso senza precedenti, grazie a funzionalità avanzate che si integrano alla perfezione nelle forme eleganti. Smartphone belli da guardare e piacevoli da usare.<br><br>\r\nHardware<br><br>\r\nGrazie al nuovo e potente processore, Galaxy S7 e S7 edge eseguono ogni operazione velocemente e senza rallentamenti, gestendo con facilità anche i dati memorizzati sulla microSD. Abbiamo anche aumentato la capacità della batteria, che potrai ricaricare ancora più velocemente.<br><br>\r\nResistente<br><br>\r\nall''acqua e alla polvere\r\nGrazie a una combinazione di materiali ad alte prestazioni, abbiamo sviluppato un modo semplice ed efficace per sigillare completamente i componenti interni, lasciando allo stesso tempo liberi il connettore USB e l''entrata per il jack delle cuffie.<br><br>\r\nShortcuts<br><br>\r\nSemplificare la tua vita e velocizzare le tue attività quotidiane è il nostro impegno principale. Siamo alla continua ricerca di nuovi modi per aiutarti a trovare ciò di cui hai bisogno con un solo tocco o sguardo. Con Shortcuts avrai tutto a portata di mano.', 'Sistema Operativo Android 6.0<br>\r\nDisplay 5.5”<br>\r\nProcessore OctaCore (QuadCore 2.3 Ghz + QuadCore 1.6 Ghz)<br>\r\nTecnologia    \r\n4G cat.9/HSDPA42UMTS/EDGE/GPRS Frequenze 850/900/1800/1900/2100<br>\r\n\r\nConnettivita    \r\nWi-Fi - Bluetooth - Micro USB - NFC<br>\r\n\r\nGPS    \r\nIntegrato<br>\r\n\r\nDisplay    \r\n5.5” 16 Milioni colori Touch<br>\r\n\r\nFotocamera    \r\n12 Mpixel/Flash<br>\r\n\r\nMemoria Interna    \r\n32GB<br>\r\n\r\nProcessore    \r\nOctaCore: (QuadCore 2.3 Ghz+QuadCore 1.6 Ghz)<br>\r\n\r\nFormato SIM    \r\nNano<br>\r\n\r\nVideo    \r\nVideo Recorder&Playback<br>\r\n\r\nMusica    \r\nMP3 Player<br>\r\n\r\nIn dotazione    \r\nCaricabatteria - Cavo Dati MicroUSB - Auricolare stereo - Guida di riferimento rapido<br>\r\n\r\nDimensioni    \r\n150,9x72,6x7,7 mm<br>\r\n\r\nPeso    \r\n157 gr.<br>\r\nAutonomia(*)    \r\nStand-by fino a TBD ore - Conversazione fino a TBD min<br>\r\n\r\nNote<br>\r\n* Le prestazioni delle batterie dipendono da vari fattori tra cui la vicinanza delle antenne, lo stato delle batterie, la posizione geografica e il tipo di rete utilizzata.', 0, 1),
(3, 'Apple iPad Pro 9.7" 256 GB', '1199.90', 'iPad Pro 9,7” è un concentrato mai visto di portatilità e prestazioni. È spesso solo 6,1 millimetri e pesa meno di 500 grammi, ma ha il display Retina più luminoso ed evoluto di sempre: con i suoi sensori True Tone si adegua alla luce ambientale, così gli occhi non si affaticano. In più hai il potente chip A9X a 64 bit di livello desktop, audio a quattro altoparlanti, fotocamera iSight e videocamera FaceTime HD, sensore di impronte digitali Touch ID, connessioni ultraveloci su Wi-Fi e 4G LTE e fino a 10 ore di autonomia.2 Advanced,1 ancora di più? Aggiungi l’ultraprecisa Apple Pencil e la Smart Keyboard, e iPad Pro ti diventerà ancora più indispensabile\r\n\r\n', 'Sistema Operativo iOS 9\r\nDisplay Retina da 9,7” (diagonale) con True Tone e rivestimento antiriflesso\r\nChip A9X di terza generazione con architettura a 64 bit di livello desktop\r\nSensore di impronte digitali Touch ID\r\nFotocamera iSight da 12MP con video a 4K', 0, 2),
(4, 'Apple iPad Pro 128 GB', '1249.90', 'Con iPad hai scoperto un mondo completamente nuovo, semplice e coinvolgente. Oggi iPad Pro, con la tecnologia Multi‑Touch perfezionata, il suo grande display Retina da 12,9" e prestazioni della CPU quasi raddoppiate rispetto a iPad Air 2, è pronto ad allargare ancora una volta i tuoi orizzonti. Non è solo più grande. È un iPad che ti permetterà di lavorare e creare in una dimensione tutta nuova, come non hai mai fatto prima.\r\n\r\nCon 5,6 milioni di pixel, iPad Pro ha il display Retina a più alta risoluzione mai visto su un dispositivo iOS. Montare video 4K, creare presentazioni, gestire un’azienda: sul display da 12,9" tutto è più facile, veloce e coinvolgente. E con il Multi‑Touch riprogettato scoprirai nuovi modi per interagire con il tuo iPad.\r\n\r\nNonostante il suo grande display, iPad Pro è sorprendentemente sottile e leggero: solo 6,9 mm di spessore e appena 713 grammi. Grazie al guscio unibody, è anche resistente e ben bilanciato. Ma forse l’aspetto più incredibile di iPad Pro è un altro: è talmente comodo che quasi ti dimentichi di averlo in mano\r\n\r\n', 'Sistema Operativo iOS 9\r\nRetina Display 12.9” (2732x2048) Led IPS\r\nA9X con architettura a 64bit a 1.6GHz\r\nFotocamera iSight da 8 megapixel', 0, 2),
(5, 'Powerline Adapter', '29.00', 'Colleghi PC, modem e console sfruttando la rete elettrica\r\n\r\nVuoi trasformare la rete elettrica di casa tua in una rete per navigare e trasmettere, dove il wi-fi non arriva, dati in formato digitale?\r\n\r\nCon Powerline Adpter puoi farlo.\r\n\r\nColleghi tra loro PC, modem e console senza problemi di copertura, distanza, né cablaggi: ti basta inserire Powerline Adapter nelle prese elettriche per creare una rete domestica che connette i vari apparati, con prestazioni fino a 200 Mbps.\r\n\r\nE la riservatezza dei dati che trasmetti e ricevi è garantita mediante un sistema di crittografia.\r\n\r\nAcquista Powerline Adapter in coppia direttamente su questo sito. Lo riceverai a casa tua in consegna gratuita.', 'Internet fino a 200 Mbps sul tuo impianto elettrico di casa\r\nSemplicità di installazione\r\nCriptazione e protezione dei dati trasmessi\r\n', 1, 3),
(6, 'Modem Fibra', '99.90', 'Con il Modem Fibra la Casa è Digitale!\r\n\r\nIl Modem Fibra è il centro digitale della Casa che ti permette di navigare ad altissime prestazioni grazie alla doppia banda Wi-Fi (a 2.4 Ghz e a 5 Ghz.) o in alternativa sfruttando le 4 porte Gigabit Ethernet offrendoti il vantaggio di condividere e visualizzare in modo semplice ed immediato contenuti Multimediali (Foto, Musica, Video) su Smart TV, Tablet, PC e Smartphone di ultima generazione sfruttando la tecnologia DLNA e collegando un Hard Disk o una chiavetta USB al modem.\r\n\r\nEd i vantaggi non finiscono qui! Puoi mettere in rete la tua stampante semplicemente collegandola alla porta USB del Modem Fibra, potendo così stampare comodamente qualunque documento o foto presente sui tuoi dispositivi connessi al modem.\r\n\r\nCollega i tuoi telefoni di casa direttamente al modem\r\nNaviga con tutti i PC, Tablet e Smartphone anche senza fili\r\nSfrutta al massimo le performance della tua linea ADSL grazie alla doppia banda Wi-Fi N di ultima generazione\r\nCondividi in modo semplice ed immediato foto, musica, video, Hard Disk e Stampanti\r\nInstallazione no problem: il modem si configura automaticamente sulla tua linea ADSL, senza installare software\r\nApp gratuita "TELEFONO" per trasformare il tuo smartphone in un cordless e sfruttare tutta la convenienza delle nuove offerte Fibra Ottica di Telecom Italia. Scarica subito la App nei Market Android e IOS (Google Play o App Store).\r\nFunzione Eco per risparmiare sulla bolletta elettrica\r\nIl Modem Fibra opera solo su linea ADSL di Telecom Italia (ad eccezione di linee “Alice Casa” e “Alice Voce”).\r\n\r\nAcquista il Modem Fibra direttamente su questo sito. Lo riceverai a casa tua in consegna gratuita.', 'Collegamento a PC, tablet, telefoni\r\nNavigazione senza fili\r\nBanda Wi-Fi a 2.4 Ghz e 5 Ghz\r\nControllo e gestione con l’App 187', 0, 3),
(7, 'Pack TIMvision & Chromecast', '39.00', 'Con Chromecast porti TIMvision sulla tua TV\r\n\r\nCon Chromecast porti TIMvision, i tuoi video, le foto e molto altro ancora su qualsiasi TV usando semplicemente uno smartphone o il tablet ed una connessione Internet Wi-Fi, tutto senza consumare GB.\r\n\r\nCon l’App TIMvision potrai vedere cartoni, cinema, serie TV, documentari sempre on demand. Creare il tuo palinsesto senza interruzioni pubblicitarie ed avere più di 8.000 titoli disponibili in un solo abbonamento mensile ed il programma inizia quando vuoi tu sulla TV di casa.\r\n\r\nIl tuo smarthphone come un telecomando\r\n\r\nNon devi fare altro che utilizzare il tuo smartphone, il tablet come un telecomando per riprodurre contenuti direttamente sulla tua TV, mettere in pausa e regolare il volume.\r\n\r\nSe sei cliente TIM, puoi acquistare il Pack TIMvision&Chromecast anche presso un Negozio TIM, hai TIMvision sempre incluso per i primi 3 mesi.\r\n\r\n\r\nPlug and play\r\n\r\nChromecast è un dispositivo di streaming multimediale che, una volta inserito in una qualsiasi porta HDMI, ti permette di trasmettere i contenuti preferiti direttamente sullo schermo della TV di casa. È piccolo, leggero, economico, facile da installare ed ancora più semplice da usare.\r\n	\r\nTrasmetti qualsiasi contenuto dal tuo telefono \r\nAndroid o dal browser Chrome\r\n\r\nPuoi trasmettere le pagine di un sito web dal browser Chrome\r\no riprodurre i contenuti visualizzati sul tuo smartphone o tablet\r\ndirettamente sulla TV. Puoi riprodurre tutti i contenuti che trovi online.\r\n\r\n\r\nVideo in alta definizione\r\n\r\nChromecast permette un''alta risoluzione video con buffering basso, grazie al supporto Wi-Fi 2,4/5 GHz e ad un sistema integrato con antenna adattiva.\r\n\r\nInoltre, lo streaming avviene direttamente dal cloud, perciò la riproduzione di film e programmi TV prosegue anche se ti allontani con il dispositivo dalla stanza.\r\n\r\nChromecast è compatibile con iPhone®, iPad® o dispositivi Android e con i laptop Chromebook e Mac®.\r\n\r\n', 'Dimensioni\r\nDispositivo: 51,9 x 51,9 x 13,49 mm\r\nConfezione: 124,4 mm x 42,85 mm x 124 mm\r\nCavo di alimentazione: 1,75 m\r\n\r\nPeso\r\n39,1g\r\n\r\nPorte e connettori\r\nHDMI compatibile CEC (Consumer Eletronic Control)\r\nMicro USB\r\n\r\nColore\r\nNero\r\n\r\nRisoluzione\r\n1080p\r\n\r\nConnettivita\r\nWi-Fi 802.11 b/g/n/ac (2,4 GHz/5 GHz)\r\n\r\nSicurezza\r\nWEP, WPA/WPA2\r\n\r\nAlimentazione\r\nAlimentazione 5V, 1A\r\n\r\nSistema Operativo Supportato\r\nAndroid 4.1 e versioni successive\r\niOS 7.0 e versioni successive\r\nWindows 7 e versioni successive\r\nMac OS X 10.7 e versioni successive\r\nChrome OS', 0, 4),
(8, 'D-Link SmartHome Starter Kit', '159.90', 'Con lo Smart Home HD Starter Kit potrai impostare, controllare, monitorare e automatizzare la tua casa ovunque ti trovi.\r\nNel Kit sono inclusi:\r\n\r\nUn Monitor HD (DCS-935L) \r\nUn Wi-Fi Motion Sensor (DCH-S150)\r\nUna smart plug (DSP-W215) \r\nTramite l''App mydlink Home per smartphone e tablet hai a disposizione il controllo di tutti i dispositivi così da semplificarti la gestione della casa rendendola più sicura e intelligente.\r\n\r\nFacile configurazione e gestione dei tuoi dispositivi\r\n\r\nBasta semplicemente scaricare l’app mydlink Home e la configurazione guidata ti aiuterà a utilizzare al meglio tutti i dispositivi presenti nel kit in modo facile e intuitivo.\r\nCon l’app potrai creare tu stesso le regole per accendere e spegnere i tuoi elettrodomestici quando e ovunque vuoi. \r\n\r\nNotifiche automatiche e real time sul tuo smartphone\r\n\r\nL’app mydlink Home ti notificherà quando:\r\nUn movimento o un suono viene rilevato\r\nUn dispositivo è stato acceso o spento\r\nIl consumo elettrico è stato superato\r\nUn dispositivo non funziona correttamente o si surriscalda\r\nIl sensore di movimento a infrarossi passivo riduce di gran lunga i falsi allarmi garantendoti di essere avvisato solo quando necessario: rilevazione dei movimenti fino a 8 metri (100° orizzontale, 80° verticale).\r\n\r\nMonitor HD\r\n\r\nCon il Monitor HD, potrai controllare la tua casa in alta definizione (720p) e grazie alla visione notturna anche in assenza di luce (fino a 5 mt). Il Monitor HD ti avvisa mediante notifica push ogni volta che verrà rilevato un suono o un movimento.\r\nSensore di movimento\r\n\r\nGrazie alla tecnologia a infrarossi passiva saranno ridotti i falsi allarmi e verrai avvisato solo quando necessario. Con il sensore di movimento rileverai i movimenti fino a 8 metri (100° orizzontale, 80° verticale).\r\n\r\nSmart Plug\r\n\r\nPotrai accendere e spegnere i dispositivi dal tuo smartphone tablet, ovunque ti trovi. Essere avvisato se un elettrodomestico è stato acceso o spento. Impostare nuove regole di funzionamento in base alle tue esigenze.\r\n', 'Connettività Mobile\r\n\r\nVuoi monitorare la tua casa al mare o in montagna quando non ci sei? Vuoi avere sempre sott’occhio la tua macchina quando è in garage? \r\nLa tua barca o il tuo camper nei mesi in cui non li utilizzi? \r\nAnche se non disponi di una connessione ADSL in questi luoghi puoi utilizzare D-Link Smart Home Starter Kit con una connessione mobile 3G o 4G Wi-Fi. \r\n', 0, 4),
(9, 'Olivetti My Way', '19.90', 'Tecnologia e convenienza\r\n \r\nMy Way è una stampante veloce a getto d''inchiostro senza fili, a 6 colori. Un prodotto multifunzione, che è anche scanner e copiatrice a colori. Puoi stabilire un collegamento senza fili al PC(1) oppure ad altri apparati predisposti, come macchina fotografica digitale o telefonino. Ed è possibile il collegamento tramite porte USB 1.1. e 2.0, o via cavo, con tecnologia di trasferimento diretto prictbridge.\r\n\r\nLa funzione Photo Index di My Way offre l''anteprima dell’immagine o la programmazione della stampa(2) in miniature 5x4 su foglio A4, selezionando anche formato, numero di copie, presenza di bordi.\r\n\r\nAcquista My Way direttamente su questo sito, in promozione solo online fino ad esaurimento scorte. Lo riceverai a casa tua in consegna gratuita.\r\n\r\nPuoi scaricare gratuitamente i driver per la tua stampante, compatibili con il Sistema Operativo VISTA. Collegati al sito http://www.olivetti.it/Site/Public/ per scaricare gratuitamente anche i driver di Windows 7.\r\nPer l’assistenza puoi chiamare il numero verde 848-800570.\r\n\r\nNella maschera principale, in alto a destra, clicca su CUSTOMER CARE\r\nquindi scegli nella tendina DRIVER/FIRMWARE il prodotto di riferimento\r\nattendi il caricamento e cerca nell’elenco in basso tutti i driver supportati dal prodotto selezionato, disponibili per essere scaricati.\r\nSe preferisci, puoi anche ordinare il driver a Olivetti, accedendo nella stessa pagina al servizio di e-commerce a pagamento.\r\n\r\n(1) Sistemi operativi compatibili: Microsoft Windows 98 SE, ME, 2000 e XP, MAC OSX 10.2 o ucc.\r\n(2) Stampa su carta normale, speciale per ink-jet, fotografica, supporto per il trasferimento a caldo, etichette, banner, poster, lucidi e buste.', 'Stampante, scanner, copiatrice\r\nTecnologia ink-jet a colori\r\nStampa via Bluetooth\r\nProgrammazione foto', 1, 5),
(10, 'Huawei P9', '599.90', 'PREMIUM. ELEGANT. STYLISH.\r\nHuawei P9 presenta un design con linee dal forte impatto visivo, caratterizzate da spigoli tagliati a diamante e arrotondati a regola d’arte. Lo smartphone ha una struttura unibody in alluminio aerospaziale e vetro 2.5D di categoria superiore, ed è disponibile in due varianti cromatiche: Titanium Grey e Mystic Silver.\r\n\r\n\r\nDISPLAY LUMINOSO E DAI COLORI INTENSI\r\n\r\nCon una resa cromatica del 96%, il sensazionale display IPS Full HD da 5,2" porta alla scoperta di un mondo ricco di colori intensi e ancora più naturali.\r\n\r\nUN INNOVATIVO SISTEMA CON DOPPIA FOTOCAMERA, UNA COLLABORAZIONE UNICA\r\n\r\nLa collaborazione tra Huawei e Leica ha dato vita a uno smartphone con doppia fotocamera. Il risultato: maggiore luminosità e nitidezza per foto e video sensazionali.\r\n\r\nINNOVATIVO SISTEMA CON DOPPIA FOTOCAMERA\r\n\r\nHuawei P9 è in grado di catturare immagini dai colori luminosi e garantire al contempo una resa in bianco e nero straordinaria; il tutto con lo stile senza tempo di Leica.La tecnologia con doppia fotocamera di Huawei P9 consente di catturare una maggiore quantità di luce, combinando al meglio la qualità del colore acquisito dal sensore RGB con i dettagli ottenuti dal sensore in bianco e nero. Il tutto per garantire il massimo risultato ad ogni scatto.', 'Sistema Operativo Android 6.0\r\nProcessore Kirin 955 - Octa-Core (4x2,5 GHz + 4x1,8 GHz)\r\nDisplay IPS Full HD da 5.2’’\r\nDoppia Fotocamera Leica da 12 Mpxl Dual Flash + anteriore da 8 Mpxl', 0, 1),
(11, 'Apple iPhone SE 16GB', '509.90', 'Il telefono da 4" più potente di sempre. iPhone SE riprende un design compatto di grande successo aggiungendovi due fotocamere evolute e una potenza di elaborazione incredibile.Disegnato per stare comodamente in mano e risultare piacevole al tatto, grazie alla finitura satinata del guscio in alluminio microsabbiato.\r\n\r\niPhone SE ha un display Retina da 4’’, chip A9 con archittetura a 64 bit di livello desktop, sensore di impronte digitali Touch ID, fotocamera iSight da 12MP, videocamera FaceTime HD con Retina flash, Live Photos e connessioni Wi-Fi e 4G veloci. E ancora, iOS 9 e iCloud.', 'Display Retina da 4" con risoluzione di 1136x640 pixel" HD\r\nChip A9 con architettura a 64 bit\r\nFotocamera iSight da 12MP con Focus Pixels e flash True Tone\r\nRegistrazione video 4K a 30fps, moviola a 240 fps\r\nVideocamera FaceTime HD (foto da 1,2 MP) con Retina Flash\r\nSensore di impronte digitali Touch ID\r\n4G LTE e Wi Fi 802.11a/b/g/n/ac\r\niOS 9 e iCloud', 0, 1),
(12, 'Microsoft Lumia 950', '449.90', 'Funzionalità di livello superiore, design eccellente e la migliore esperienza con Windows 10: scegli Lumia 950 e trasforma un momento qualsiasi in una grande conquista.\r\n\r\nScopri tutto quello che puoi fare con il tuo Microsoft Lumia.', 'Sistema Operativo Windows 10 Mobile\r\nDisplay 5.2”\r\nProcessore Snapdragon™ 808 HexaCore 1.8 Ghz  - 4G', 1, 1),
(13, 'Samsung Galaxy TabPro S 12 ', '1299.90', 'DESIGN SOTTILE&LEGGERO\r\n\r\nGalaxy TabPro S rappresenta il perfetto connubio tra design e tecnologia. Estremamente sottile e leggero, stupisce per la ricercatezza dei dettagli e la qualità dei materiali.\r\n\r\nELEGANTE PROTEZIONE\r\n\r\nLa book cover protegge perfettamente Galaxy TabPro S, mantenendone intatta l''eleganza.\r\n\r\nDISPLAY SUPER AMOLED\r\n\r\nGalaxy TabPro S è il primo prodotto Windows 10 al mondo dotato di display SUPER AMOLED. Lavorare in mobilità è davvero comodo, grazie al display touchscreen da 12 pollici. Indipendentemente dal contenuto visualizzato, che sia una immagine o un video, i colori e la brillantezza delle immagini saranno esaltate dalla definizione e dalla qualità del display SUPER AMOLED di Galaxy TabPro S\r\n\r\nINTRATTENIMENTO XBOX ONE GAME STREAMING\r\n\r\nCon questa rivoluzionaria funzione, utilizzando la stessa connessione WiFi, potrai giocare in streaming ai giochi della tua XBOX ONE direttamente su Galaxy TabPro S.\r\n\r\nPERFORMANCE SENZA COMPROMESSI\r\n\r\nIl sistema operativo Windows 10, supportato dalla potenza del nuovo processore Intel Core M, sono una garanzia per lavorare professionalmente in qualunque situazione e in qualsiasi momento.\r\n\r\n2-IN-1\r\n\r\nNessun compromesso: potente come un PC e portatile come un tablet. Galaxy TabPro S è perfetto in qualunque situazione.\r\n\r\nDURATA BATTERIA & RICARICA\r\n\r\nLa batteria a lunga durata di Galaxy TabPro S permette di focalizzarsi solamente sulle proprie attività. Completamente carico in sole due ore e mezza, consente un uso continuativo di oltre 10 ore\r\n\r\n', 'Display 12” FHD+, 2160x1440 SuperAmoled\r\nSistema Operativo Windows 10 Pro\r\nMemoria Interna 128GB SSD\r\nFotocamera (Front: 5 MP, Back: 5 MP)\r\nConnettivita\r\nLTE Cat6 /HSDPA 42 Mbps /, Wi-Fi 802.11b/g/n MIMO, Bluetooth 4.1, Micro USB 3.1 (C-type) – GPS Glonass - NFC\r\n\r\nDisplay\r\nDisplay 12” FHD+, 2160x1440 SuperAmoled\r\n\r\nDimensioni\r\n290.3x198.8x6.3 mm\r\n\r\nPeso\r\n698 gr\r\n\r\nAutonomia\r\n600 minuti\r\n\r\nFotocamera\r\nFotocamera (Front: 5 MP Back: 5 MP)\r\n\r\nFormati supportati\r\nVideo: MP4,3GP,WMV,ASF,AVI,MKV\r\nAudio: MP3,AAC,WAV,WMA,AMR,FLAC\r\n\r\nMemoria\r\n128GB SSD, 4GB di Ram\r\n\r\nProcessore\r\nProcessore Intel Core M3 (Dualcore 2.2 GHz)\r\n\r\nSistemaOperativo\r\nWindows 10 Pro\r\n\r\nApplicazioni\r\nMicrosoft Services: Maps, OneDrive, Windows Store, Music, Film & TV, Xbox, Money, Meteo, Notizie\r\nMicrosoft Apps: Word, Excel, PowerPoint, OneNote, Edge browser\r\nIntegrazione completa con il tuo Smartphone Galaxy (disponibile da fine Marzo 2016):\r\n- Autenticazione con impronte digitali\r\n- Sincronizzazione delle notifiche\r\n- Hotspot Wi-Fi automatico\r\n\r\nIn confezione\r\nCarica batteria, Cavo dati Usb, Manuale d’uso\r\n\r\nNote\r\n* Le prestazioni delle batterie dipendono da vari fattori tra cui la vicinanza delle antenne, lo stato delle batterie, la posizione geografica e il tipo di rete utilizzata.', 0, 2),
(14, 'Huawei Mediapad T1 10 LTE', '249.90', 'Display 9.6” PS\r\nSistema Operativo Android™ 4.4\r\nProcessore Snapdragon™ 200 QuadCore 1.2 GHz', 'Display 9.6” (1280x800) IPS 16M di colori\r\nSistema Operativo Android™ 4.4 KitKat\r\nConnettivita\r\nLTE, HSDPA+ 42.2Mbps/HSUPA 5.76/, Wi-Fi 802.11b/g/n, Bluetooth 3.0\r\n\r\nDisplay\r\n9.6" (1280x800) IPS 16M di colori\r\n\r\nVideo/Audio/Picture\r\n2 Fotocamera da 5 Mpx e VGA Lettore multimediale - MP3, WAV, 3GP, AAC, AAC+ e-AAC+, JPG, PNG,GIF, BMP, WMV, H264, Mpeg4, 1080p/30fps\r\n\r\nMemoria\r\n8GB (espandibile fino a 64GB)\r\n\r\nProcessore\r\nQuad-core 1.2GHz\r\n\r\nSistemaOperativo\r\nAndroidTM 4.4 KitKat\r\n\r\nApplicazioni\r\nGoogle Mobile Services, Youtube, E-mail, GPS e A-GPS, SMS, Invio e ricezione, chiamata voce.\r\n\r\nIn dotazione\r\nCaricabatteria - Manuale d’uso\r\n\r\nDimensioni\r\n248,5 x 150 x8,3 mm\r\n\r\nPeso\r\n433 grammi\r\n\r\nAutonomia (*)\r\nStand-by fino a 300h\r\n\r\nNote\r\n* Le prestazioni delle batterie dipendono da vari fattori tra cui la vicinanza delle antenne, lo stato delle batterie, la posizione geografica e il tipo di rete utilizzata.', 0, 2),
(15, 'Apple iPad mini 4 16GB', '529.90', 'La mini superpotenza.\r\n\r\nA vederlo sembra davvero piccolo, ma è pronto a stupirti con prestazioni eccezionali: il nuovo iPad mini 4, più sottile e leggero che mai, ha tutta la potenza che ti serve per fare grandi cose.\r\nSottile come sempre. Leggero come mai.\r\n\r\niPad mini 4 contiene tutto quello che ami dell’iPad in un design ancora più leggero e portatile. Chiama gli amici con FaceTime o portati avanti con il lavoro: puoi farlo ovunque, in qualsiasi momento.\r\nPiccolo, ma con i superpoteri.\r\n\r\niPad mini 4 ha un chip A8 di seconda generazione con architettura a 64 bit di livello desktop, per gestire anche le app più elaborate. Puoi montare un film, sfogliare le tue foto o fare entrambe le cose contemporaneamente: tutto è fluido e immediato.\r\nDue fotocamere straordinarie. Abilmente camuffate da iPad.\r\n\r\nLa fotocamera iSight di iPad mini 4 ha un’ottica sofisticata, un sensore ancora più evoluto e un processore di immagine ISP progettato da Apple. Include comode funzioni come Panorama, Time-lapse, Moviola e le modalità scatto in sequenza e Timer. Anche la videocamera frontale FaceTime HD è stata riprogettata con un sensore perfezionato e pixel più grandi, per riprendere ancora meglio negli ambienti poco illuminati. Risultato? Le foto e i video, per non parlare delle videochiamate e dei selfie, saranno incredibilmente brillanti.\r\nAncora più sicuro. Ancora più alla mano.\r\n\r\nGrazie alla tecnologia Touch ID, iPad mini 4 è protetto da una password inattaccabile e a prova di memoria: la tua impronta digitale. Ti basterà un tocco per sbloccarlo, ma i tuoi dati non corrono alcun pericolo, anche se lo presti a un amico o un collega. E con Touch ID fare acquisti su iTunes, iBooks e App Store è ancora più facile e sicuro.\r\nWireless ultraveloce.\r\n\r\nCon iPad mini ti colleghi alle reti Wi‑Fi e cellulari ad alta velocità, per scaricare contenuti, navigare il web e condividere documenti praticamente ovunque. Se non c’è il Wi‑Fi, con il modello Wi‑Fi + Cellular* puoi connetterti alle reti dati cellulari ad alta velocità in tutto il mondo. E con la Apple SIM puoi scegliere un piano dati a breve termine in oltre 90 Paesi e territori, in modo facile e veloce.\r\nTap dopo tap, lo amerai sempre di più.\r\n\r\nCon iPad mini 4 hai iOS 9, il sistema operativo mobile più intuitivo, evoluto e sicuro al mondo. iOS 9 è stato creato su misura per iPad. App ancora migliori e nuove funzioni come Slide Over, Split View e Picture in Picture ti aiutano a fare molto di più, più facilmente. Devi controllare un messaggio mentre rispondi a un’email? O preparare una presentazione dando un occhio alla partita? Con iOS 9, tu e il tuo iPad potete fare un mondo di cose in più.\r\nApp fatte per iPad. E per fare di tutto.\r\n\r\niPad mini 4 nasce con potenti app incluse per fare tutto quello che fai ogni giorno: navigare, controllare le email, modificare foto e video, prendere appunti o anche leggere un libro. E sull’App Store ne trovi tantissime altre che non si limitano a ingrandire la versione per iPhone, ma sono create apposta per lo splendido display Retina dell’iPad. Fotografia, giochi, viaggi, cucina, arredamento, hobby, sport: ci sono app per fare di tutto. E per farlo al meglio.\r\nCover fatte apposta per lui. Colori fatti apposta per te.\r\n\r\nLa Smart Cover e la custodia in silicone per iPad mini 4 proteggono il tuo dispositivo in ogni situazione. Sono progettate per essere usate insieme: la Smart Cover aderisce perfettamente allo schermo, mentre la custodia in silicone avvolge la parte posteriore. Ed entrambe sono disponibili in dieci splendidi colori.', 'Display Retina 7.9” (2048x1536) Led IPS\r\nSistema Operativo IOS9\r\nMemoria Interna 16GB/64GB (non espandibile)\r\nFotocamera iSight 8Mpx e 1.2 Mpx\r\nConnettivita\r\nLTE /HSDPA-DC 42.2/HSUPA 5.76/, Wi-Fi 802.11a/b/g/n /ac e MIMO, Bluetooth 4.2\r\n\r\nDisplay\r\nRetina Display 7.9” (2048x1536) Led IPS\r\n\r\nDimensioni\r\n203,2x134,8x6,1mm.\r\n\r\nPeso\r\n304 gr\r\n\r\nAutonomia\r\nFino a 9 ore su rete dati cellulare\r\n\r\nFotocamera\r\n2 Fotocamera iSight 8Mpx e 1.2 Mpx\r\n\r\nFormati supportati\r\nMP3, MOV, MP4, 3GP, AAC, AAC+ HE-AAC, AIFF, JPG, PNG,GIF, H264, Mpeg4, Full HD\r\n\r\nMemoria\r\nInterna 16GB/64GB (non espandibile)\r\n\r\nProcessore\r\nA8 con architettura a 64bit a 1.6GHz, 1GB Ram, co-processore M8\r\n\r\nSistemaOperativo\r\nIOS9\r\n\r\nApplicazioni\r\nApple Store, Siri, iCloud, Facetime HD, Photobooth, mappe, GPS e A-GPS, Messaggi, Photos iMovie, iTunes store\r\n\r\nIn confezione\r\nCarica batteria, Manuale d’uso, Connettore USB Lightning, Impiega Nano-SIM\r\n\r\nNote\r\n* Le prestazioni delle batterie dipendono da vari fattori tra cui la vicinanza delle antenne, lo stato delle batterie, la posizione geografica e il tipo di rete utilizzata.', 0, 2),
(16, 'Modem ADSL Wi-Fi', '69.00', 'Navigazione veloce e senza fili\r\n\r\nCon il Modem ADSL Wi-Fi navighi ad alta velocità e senza fili, utilizzando l''interfaccia Wi-Fi o attraverso le 4 porte Ethernet.\r\n\r\nNavigazione più veloce grazie alla tecnologia senza fili Wi-Fi e migliore copertura della rete Wi-Fi della tua abitazione(1).\r\nProtezione: la cifratura WPA e WPA2 impedisce l’accesso ai non autorizzati alla rete Wi-Fi. Disponibili anche funzionalità avanzate come il filtro degli indirizzi MAC ed il firewall integrato.\r\nTutta la famiglia connessa: collega tutti i PC, smartphone e tablet al nuovo modem ADSL Wi-Fi e inoltre condividi Hard Disk e stampanti collegati alla porta USB del modem.\r\nInstallazione no problem: il modem si configura automaticamente sulla tua linea ADSL, senza installare software.\r\nRisparmia sulla bolletta elettrica: il nuovo modem, rispetto ad un prodotto Telecom Italia di generazione precedente con le stesse funzionalità, consente di risparmiare fino al 40% di energia elettrica su un utilizzo medio annuo (2).\r\nIl Modem Wi-Fi opera solo su linea ADSL di Telecom Italia ed è compatibile con i principali sistemi operativi (Windows 7, Vista, XP - MacOS 10.3).\r\n\r\nAcquista il Modem ADSL Wi-Fi direttamente su questo sito. Lo riceverai a casa tua in consegna gratuita.\r\n\r\nNote:\r\n(1) La tecnologia Wi-Fi 802.11n migliora le prestazioni rispetto ai prodotti della generazione precedente 802.11b/g di Telecom Italia.Per utilizzare la rete senza fili è necessario disporre di un computer con interfaccia Wi-Fi. Le prestazioni effettive possono variare a seconda del computer, della distanza, della velocità di connessione ADSL e di altri fattori.\r\n(2) I valori sono misurati nei laboratori Telecom Italia. Per maggiori informazioni www.telecomitalia.com/sostenibilita.', 'Navigazione senza fili più veloce\r\nConnessione di vari dispositivi\r\nInstallazione no problem\r\nFunzione Eco per risparmio energetico\r\nTecnologia\r\nADSL/ADSL2+; velocità fino a 20 Mbps down/1 Mbps up\r\n\r\nWi-Fi\r\nWi-Fi 802.11 b/g/n; velocità di trasferimento fino a 300Mbps\r\n\r\nInterfacce\r\nInterfacce USB alta velocità (480 Mbit/s) ad alta potenza (500 mA), 1 porta connettore tipo A Interfaccia Wi-FiStandard IEEE 802.11nInterfaccia radio 2.4Ghz, 2 antenne, velocità di trasmissione teorica 300 Mbps\r\n\r\nProtezione Wireless\r\nWPA, WPA-PSK, WEP - Supporto Wi-Fi Protected Setup - Controllo di accesso\r\n\r\nFunzioni avanzate\r\nFunzionalità di routing avanzate (DHCP server, NAT, NAPT, Virtual Server) - Firewall - Condivisione Hard Disk e Stampante USB\r\n\r\nAssistenza tecnica\r\n2 anni di garanzia sul prodotto\r\n\r\nContenuto della confezione\r\nGuida di installazione; CD autoinstallante (compatibile con Windows 7, Vista, XP- MacOS 10.3); 1 filtro ADSL 2+; 1 cavo Telefonico; 1 cavo Ethernet', 0, 3),
(17, 'Tecnoware ERA Plus 900', '79.90', 'ERA PLUS 900 è un UPS (Uninterruptible Power Supply), cioè un gruppo di continuità, di tipo Line Interactive, realizzato appositamente per proteggere il Modem Fibra di TIM da qualsiasi avaria della rete elettrica (black-out, sottotensioni, sovratensioni, microinterruzioni), causa dei frequenti danneggiamenti di Hardware e Software.\r\n\r\nQuando è presente la tensione di rete elettrica, ERA PLUS 900 svolge le funzioni di stabilizzatore e filtra i disturbi frequentemente presenti sulla linea elettrica (transienti, spike, interferenze, etc.), preservando in tal modo il modem ed eventuali altri dispositivi collegati alla sua uscita ad esempio il telefono cordless acquistato insieme all’offerta Fibra di TIM; inoltre ricarica le batterie in modo ottimale.\r\n\r\nIn caso di avaria della rete elettrica o caduta di tensione, l’UPS continua ad alimentare il modem ed altre apparecchiature protette ad esempio il telefono cordless garantendo per un lasso di tempo variabile il servizio telefonico e la connettività che sono compromesse in caso di black-out.\r\n\r\nERA PLUS presenta tutte le moderne caratteristiche che garantiscono massima affidabilità e sicurezza:\r\n\r\nControllo a microprocessore di tutte le funzioni, garanzia di alta affidabilità.\r\nStabilizzazione in uscita tramite AVR (Automatic Voltage Regulation).\r\nProtezione da sovraccarico sia nel modo di funzionamento normale che in modo batterie.\r\nCarica batterie di alte prestazioni che prolunga il tempo medio di vita delle batterie e ne garantisce una ricarica ottimale.\r\nAccensione anche in condizioni di rete elettrica assente.\r\nRiaccensione automatica dopo lo spegnimento per fine autonomia al ritorno della tensione di rete.\r\nAdattabilità automatica alla frequenza d’ingresso 50 o 60 Hz. Segnalazioni acustiche di vario tipo durante il normale funzionamento e che evidenziano le eventuali condizioni di allarme.\r\nAlta affidabilità.\r\nElevato rendimento e basso costo d’esercizio.\r\nDimensioni compatte.\r\nDesign curato ed ergonomico.\r\nSemplicità d’uso.\r\nAcquista ERA Plus 900 direttamente su questo sito. Lo riceverai a casa tua in consegna gratuita.', 'Facile installazione\r\nPeso e dimensioni ridotti\r\nBassa rumorosità\r\nTecnologia\r\nLine Interactive con Stabilizzatore\r\n\r\nRaffreddamento\r\nNaturale\r\n\r\nRumorosità\r\n< 40 dBA a 1 m\r\n\r\nStabilizzazione tensione\r\nLine Mode: Tramite AVR (Automatic Voltage Regulation)\r\nBattery Mode: +/-5%\r\n\r\nSovraccarico ammesso\r\n< 130%\r\n\r\nBatteria\r\n1 (interna) di tipo al Piombo acido sigillata senza manutenzione\r\nTempo di ricarica (Tipico) 4 ore\r\nTensione nominale 12Vdc\r\nAutonomia Tipica 10 min\r\n\r\nDimensioni\r\n10,1x14,2x27,9 cm\r\n\r\nPeso\r\n3,7 Kg\r\n\r\nAmbiente operativo\r\nDa 0 a 40 °C (per un corretto esercizio delle batterie da 20 a 25° C vedi grafi co “Vita Batterie dell’UPS in Servizio”)\r\nUmidità relativa < 95% non condensata\r\n\r\nDotazioni\r\nCavo d’alimentazione con spina Schuko', 0, 3),
(18, 'FRITZ!WLAN Repeater 1750E ', '89.90', 'Più rete wireless nel giro di secondi\r\n\r\nCon il nuovo FRITZ!WLAN Repeater 1750E si estende la portata delle reti wireless esistenti, creando connessioni veloci e stabili che arrivano a 1300 Mbit/s con lo standard AC sulla banda di frequenza da 5 GHz e a 450 Mbit/s con lo standard N su quella da 2,4 GHz.\r\n\r\nPer installarlo basta premere un pulsante\r\n\r\nI FRITZ!WLAN Repeater 1750E supportano la facile registrazione automatica con il cosiddetto metodo WPS come i router TIM, come il FRITZ!Box o la maggior parte dei router in commercio. Per la configurazione basta premere un pulsante: i ripetitori e i router WPS come il FRITZ!Box si collegano quindi automaticamente.\r\n\r\nLibertà senza fili\r\n\r\nCon la sua porta Gigabit LAN, questo ripetitore integra nella rete domestica perfino i dispositivi di rete senza funzione wireless. Il FRITZ!WLAN Repeater 1750E copre via radio la distanza fino al router senza richiedere i cavi anteriormente necessari. E se già esistono cavi, in alternativa si può collegare al router nella modalità "ponte LAN" con un cavo di rete. In questo modo, nemmeno le distanze considerevoli rappresentano più alcun problema.\r\n\r\nDettagli\r\n\r\nPiù portata wireless in un baleno\r\n\r\nIl FRITZ!WLAN Repeater 1750E estendendo efficientemente la portata delle reti wireless esistenti è la soluzione ideale per disporre di una rete wireless più ampia in tutta la casa. Con la selezione intelligente della banda a 2.4 GHz o 5GHz (Cross Band Repeating dinamica), il 1750E sceglie sempre il percorso più efficiente. Il ripetitore è adatto al funzionamento con normali prese di corrente da 230 V. I cinque LED dell''intensità di campo ti aiutano a collocarlo rapidamente nella posizione ideale della casa.\r\n\r\naumenta la portata wireless sulla banda da 5 GHz a 1300 Mbit/s\r\naumenta la portata wireless sulla banda da 2,4 GHz a 450 Mbit/s\r\nWireless dual AC + N\r\nporta LAN Gigabit\r\nconnessioni sicure con WPA2 e configurazione rapida grazie a WPS\r\nSicurezza anche per il futuro grazie a IPv6\r\n\r\nIl FRITZ!WLAN Repeater 1750E supporta la codifica sicura WPA2 e in alternativa può usare anche lo standard WPA. Per questo motivo, è adatto a molte reti wireless e a tutti i tipi di codifiche. Supporta inoltre anche il nuovo protocollo IPv6, che rende notevolmente più semplici molte nuove applicazioni.\r\n\r\nFacilità d''uso e aggiornamenti gratuiti\r\n\r\nQuando cerchi la posizione ideale e il canale wireless ottimale, questo ripetitore ti aiuta a trovarli con i LED, gli assistenti software e una pratica interfaccia utente che si apre a partire da smartphone, tablet e computer . Inoltre, il FRITZ!WLAN Repeater 1750E approfitta di sempre nuove funzioni grazie agli aggiornamenti gratuiti.\r\n\r\nAssistenza\r\n\r\nIl prodotto è corredato di 5 anni di garanzia i due anni per legge forniti da TIM gli altri 3 forniti da AVM rivolgendosi al loro servizio clienti:\r\n\r\nchiamando il numero +39 06 893 860 25 da Lunedi a Venerdì dalle 11 alle 17\r\ncontattando vi mail assistenza@avm.de\r\nonline sul sito assistenza di AVM', 'Supporto reti Wi-Fi, fino a 1750 Mbps a 2.4 e 5 GHz (dual band, simultanee)\r\nCompatibile con tutti i modem Wi-Fi (anche mobile)\r\nFacile da installare con WPS, sicuro grazie alla codifica WPA2\r\nPorta LAN Gigabit, modalità Repeater o Access Point\r\n5 anni di garanzia\r\nStandard Wi-Fi e velocità\r\n802.11ac (1.300 Mbit/s), 802.11n (450 Mbit/s), 802.11g/a (54 Mbit/s) e 802.11b (11 Mbit/s)\r\n\r\nSicurezza Wi-Fi\r\nWPA2, WPA, WPS\r\n\r\nCaratteristiche operative\r\nAssistente per browser e software per semplificare la configurazione\r\n\r\nDimensioni\r\n(L x H x P): circa 76,5 x 155 x 62,6 mm\r\n\r\nPeso\r\n151 g circa\r\n\r\nContenuto della confezione\r\nWireless Range Extender,Cavo Ethernet,Guida rapida', 0, 3),
(19, 'Cassa Nokia MD 12 ', '49.90', 'Speaker bluetooth Nokia MD-12 colore bianco. NFC. Ascoltare la tua musica preferita è ora più semplice chemai. Con il suo design ultra - compatto ed una vasta gamma di bellissimi colori , MD -12 è abbastanza piccoloda stare in tasca. Grande esperienza bassi. Non lasciate che la sua piccola dimensione vi inganni . Questopiccolo altoparlante dispone di un grande carico di energia . Progettato con le ultime tecnologie , MD -12 èstato progettato con un attuatore integrato, creando un grande effetto dei bassi quando è impostato su quasiqualsiasi superficie . La durata della batteria superiore per un più divertente ascolto. Con NFC incluso , bastatoccare il tuo telefono cellulare abilitato NFC al diffusore e siete a posto. Oppure utilizzare il Bluetooth edascoltate in streaming i propri brani in modalità wireless e ballate tutta la notte con 15 ore di riproduzionemusicale garantite.', 'Design ultra – compatto\r\nNFC incluso\r\nFino a 15 ore di riproduzione musicale\r\nGaranzia 24 mesi\r\nCompatibilità iPad\r\nNo\r\n\r\nCompatibilità iPhone 3g\r\nNo\r\n\r\nCompatibilità iPod classic\r\nNo\r\n\r\nCompatibilità iPod nano\r\nNo\r\n\r\nCompatibilità iPod shuffle\r\nNo\r\n\r\nCompatibilità iPod touch\r\nNo\r\n\r\nNumero altoparlanti frontali centrali\r\n0\r\n\r\nNumero altoparlanti frontali laterali\r\n1\r\n\r\nNumero altoparlanti retro\r\n0\r\n\r\nSubwoofer\r\nNo\r\n\r\nPortatile\r\nSi\r\n\r\nTipologia di utilizzo\r\nDiffusore da interno/esterno\r\n\r\nColore primario\r\nBianco\r\n\r\nConsumo\r\n0W\r\n\r\nWireless altoparlanti frontali laterali\r\nSi\r\n\r\nPotenza altoparlanti frontali laterali\r\n0W\r\n\r\nMateriale altoparlanti frontali laterali\r\nPlastica\r\n\r\nDiametro Bass altoparlanti frontali laterali\r\n0 mm\r\n\r\nWireless Subwoofer\r\nNo\r\n\r\nPotenza Subwoofer\r\n0W\r\n\r\nMateriale Subwoofer\r\nPlastica\r\n\r\nDiametro Bass\r\n0 mm\r\n\r\nConnettore dock per iPod/iPhone\r\nNo\r\n\r\nControllo via usb iPhone/iPod/iPad\r\nNo\r\n\r\nAirplay\r\nNo\r\n', 0, 4),
(20, 'Nuovo Decoder TIMvision', '109.00', 'Il nuovo Decoder TIMvision, con tutto l’intrattenimento di Android TV e il digitale terrestre integrato a portata di telecomando.\r\n\r\nCollegando il nuovo decoder TIMvision alla tua linea ADSL Illimitata o Fibra Ottica di TIM potrai accedere a più di 8000 titoli tra cartoni, film, serie e documentari sempre on demand e a tutte le App di Google Play pensate per la TV, la rivoluzione delle app anche sulla tua TV, con video, news e giochi on line.\r\n\r\nAndroid tv: Un Mondo di App da Google Play, tutto l’intrattenimento (tv, giochi, musica, libri etc.) a portata di telecomando. Dopo gli smartphone la rivoluzione delle app anche sulla tv tramite il decoder.\r\n4K ready: Una qualità video inedita per esaltare l’esperienza tv.\r\nDigitale terreste integrato: Vedi anche i canali in chiaro del digitale terrestre grazie alla tecnologia DVB-T2 di ultima generazione.\r\nWireless evoluto: Wi-Fi a 5ghz 11ac una maggiore copertura, stabilità e velocità necessaria per i servizi video in alta definizione e per l’intrattenimento digitale.\r\nGoogle Cast: Per riprodurre film, musica e foto dal tuo smartphone o PC direttamente sulla TV.\r\nProcessore di ultima generazione: Grazie alla CPU Quad Core Marvell BG4-CT, permette alte performance a supporto dell’intrattenimento video e del gaming e di tutte le funzionalità multimediali avanzate\r\nTelecomando vocale con voice recognition: Ricercare i contenuti ed avere informazioni non è mai stato così facile e divertente. Il telecomando integra un microfono per ascoltare le tue richieste.\r\nLettore multimediale: Un lettore multimediale che ti consente di vedere i tuoi contenuti personali sulla TV attraverso il lettore di schede SD oppure attraverso una memoria (chiavetta USB o Hard Disk) collegata alla porta USB.\r\nIl nuovo decoder dal design innovativo e di piccole dimensioni, facile da  usare grazie alla   guida che ti assisterà sin dal primo collegamento del decoder alla TV.', 'Android TV\r\n4K Ready\r\nTelecomando bluetooth con voice recognition\r\nDigitale terrestre integrato\r\nSistemaOperativo\r\nAndroid TV 5.1.1\r\n\r\nProcessore\r\nCPU high level Marvell BG4CT(14K DMIPS)\r\n\r\nMemoria\r\nFLASH 8GB - 2 GB DDR3 2133 MHz - Lettore di schede SD\r\n\r\nConnettivita\r\n2x2 802.11 ac Dual Band - Wi-Fi a 5ghz 11ac - supporto GoogleCast - USB 3.0 - BT 4.1 - Ethernet 100 BT\r\n\r\nSupporto formati video\r\n4K - H 265\r\n\r\nDVB-T2\r\nSingle Tuner\r\n\r\nDRM Playready 2.5\r\nSi\r\n\r\nHEVC (HW support)\r\nSi\r\n\r\nAdaptative protocol\r\nSi\r\n\r\nSD card reader\r\nSi\r\n\r\nVideo output\r\nHDMI 2.0/HDCP 2.2\r\n\r\nAudio Output\r\nUscita audio ottica SPDIF\r\n\r\nRemote control\r\nIR + BT con Microfono\r\n\r\nIn dotazione\r\nTelecomando evoluto (voice recognition e collegamento bluetooth)\r\n\r\nContenuto della confezione\r\nDecoder - Cavo alimentazione - Cavo HDMI - Telecomando universale - Batterie - Guida rapida all''installazione', 0, 4),
(21, 'Beats Solo2 On-Ear Headphones', '199.90', 'Audio potenziato con la nuova qualità sonora Beats, il suono delle cuffie Solo2 è più nitido e più pulito e sprigiona una più vasta gamma di emozioni. Le cuffie Solo2 offrono un''ampia gamma di frequenze alte e bassi profondi per un''esperienza di ascolto equilibrata per tutti i generi musicali.\r\n\r\nVestibilità e stile: comfort, durevolezza e stile. Padiglioni curvati di 15 gradi per un comfort prolungato; la flessibilità rotazionale consente ai padiglioni di flettersi per una vestibilità ancor più personalizzata', 'Peso 205 gr.\r\nLarghezza 156 mm\r\nCavo RemoteTalk™\r\nDimensioni\r\n156 mm (larghezza)\r\n\r\nPeso\r\n205 gr.\r\n\r\nContenuto della confezione\r\nCavo RemoteTalk™, Custodia da viaggi', 1, 4),
(22, 'Flash drive Wi-Fi Sandisk', '69.90', 'L’unità flash wireless SanDisk Connect aggiunge istantaneamente fino a 32 GB di spazio di memorizzazione per il tuo dispositivo iPad, iPhone, Kindle Fire e Android™. Portatile e di facile uso, questa unità ti offre accesso mobile wireless ai tuoi film, foto, musica e documenti. Puoi collegare in modalità wireless fino a 8 dispositivi e inviare contenuti multimediali in streaming simultaneamente a più dispositivi, fino a 3, senza bisogno di una connessione Internet. La batteria dell’unità è ricaricabile da una porta USB e offre sino a 4 ore di streaming continuo con una sola carica', 'SanDisk Connect™ Wireless Flash Drive\r\nCapacità\r\n32 GB\r\n\r\nGaranzia\r\n2-anni EU\r\n\r\nRequisiti di sistema\r\n• iOS version 6.0 o superiori, Android™ 2.3 o superiori\r\n• Windows® 8, Windows 7, Windows Vista®, Windows XP or Mac OS 10.6 o superiori\r\n\r\nUSB Port\r\nUSB 2.0 connection interface', 0, 4);

-- --------------------------------------------------------

--
-- Struttura della tabella `product_categories`
--

CREATE TABLE IF NOT EXISTS `product_categories` (
  `id_cat` int(11) NOT NULL AUTO_INCREMENT,
  `name` varchar(300) NOT NULL,
  `img` varchar(500) NOT NULL,
  PRIMARY KEY (`id_cat`)
) ENGINE=MyISAM  DEFAULT CHARSET=utf8 AUTO_INCREMENT=6 ;

--
-- Dump dei dati per la tabella `product_categories`
--

INSERT INTO `product_categories` (`id_cat`, `name`, `img`) VALUES
(1, 'Smartphone e Telefoni', 'img/product_categories/01_SmartphoneTelefoni.png'),
(2, 'Tablet e Computer', 'img/product_categories/02_TabletComputer.png'),
(3, 'Modem e Networking', 'img/product_categories/03_ModemChiavette.png'),
(4, 'TV e Smart Living', 'img/product_categories/04_TVDigitalHome.png'),
(5, 'Outlet', 'img/product_categories/05_Outlet.png');

-- --------------------------------------------------------

--
-- Struttura della tabella `product_images`
--

CREATE TABLE IF NOT EXISTS `product_images` (
  `id_prod` int(11) NOT NULL,
  `id_img` int(11) NOT NULL,
  PRIMARY KEY (`id_prod`,`id_img`),
  KEY `id_img` (`id_img`)
) ENGINE=MyISAM DEFAULT CHARSET=utf8;

--
-- Dump dei dati per la tabella `product_images`
--

INSERT INTO `product_images` (`id_prod`, `id_img`) VALUES
(1, 1),
(1, 4),
(1, 5),
(2, 2),
(3, 6),
(3, 7),
(4, 8),
(5, 11),
(6, 10),
(7, 13),
(8, 12),
(9, 9),
(10, 14),
(11, 15),
(12, 16),
(13, 17),
(14, 18),
(15, 19),
(16, 20),
(17, 21),
(18, 22),
(19, 23),
(20, 24),
(20, 25),
(20, 26),
(21, 27),
(22, 28);

-- --------------------------------------------------------

--
-- Struttura della tabella `prod_serv`
--

CREATE TABLE IF NOT EXISTS `prod_serv` (
  `id_prod` int(11) NOT NULL,
  `id_serv` int(11) NOT NULL,
  PRIMARY KEY (`id_prod`,`id_serv`),
  KEY `id_serv` (`id_serv`)
) ENGINE=MyISAM DEFAULT CHARSET=utf8;

--
-- Dump dei dati per la tabella `prod_serv`
--

INSERT INTO `prod_serv` (`id_prod`, `id_serv`) VALUES
(1, 1),
(1, 3),
(1, 10),
(1, 11),
(2, 1),
(2, 3),
(2, 10),
(2, 11),
(3, 1),
(3, 2),
(3, 3),
(3, 4),
(3, 5),
(4, 1),
(4, 2),
(4, 3),
(4, 4),
(4, 5),
(6, 12),
(7, 4),
(8, 9),
(10, 1),
(10, 3),
(10, 10),
(10, 11),
(11, 1),
(11, 3),
(11, 10),
(11, 11),
(12, 1),
(12, 3),
(12, 10),
(12, 11),
(13, 1),
(13, 2),
(13, 3),
(13, 4),
(13, 5),
(14, 1),
(14, 2),
(14, 3),
(14, 4),
(14, 5),
(15, 1),
(15, 2),
(15, 3),
(15, 4),
(15, 5),
(16, 12),
(19, 1),
(20, 4),
(21, 1);

-- --------------------------------------------------------

--
-- Struttura della tabella `questions_answers_assistance`
--

CREATE TABLE IF NOT EXISTS `questions_answers_assistance` (
  `id_qa` int(11) NOT NULL AUTO_INCREMENT,
  `question` text NOT NULL,
  `answer` text NOT NULL,
  `assistance` int(11) NOT NULL,
  PRIMARY KEY (`id_qa`),
  KEY `AssistanceIndex` (`assistance`)
) ENGINE=MyISAM  DEFAULT CHARSET=utf8 AUTO_INCREMENT=87 ;

--
-- Dump dei dati per la tabella `questions_answers_assistance`
--

INSERT INTO `questions_answers_assistance` (`id_qa`, `question`, `answer`, `assistance`) VALUES
(1, 'Quali documenti sono necessari?', 'Dovrai fornire in visione i seguenti documenti:<br>\r\n-documento di identità del titolare linea (carta identità, patente di guida con foto, passaporto);<br>\r\n-codice fiscale del titolare linea;<br>\r\n-documentazione antiabusivismo, rappresentata da uno dei seguenti documenti:\r\ncopia di una recente fattura (luce, gas, acqua) anche se intestata ad altri precedenti soggetti, occupanti la medesima unità immobiliare per la quale è stata fatta richiesta di collegamento telefonico,\r\noppure copia della concessione/licenza edilizia, oppure copia della domanda di concessione in sanatoria corredata della prova dell''avvenuto pagamento delle somme dovute a titolo di oblazione (così come previsto dal 2° comma dell''art.45 della legge 28.2.85 n.47).<br><br>\r\nSolo nel caso non fosse possibile presentare uno qualsiasi dei documenti, potrai produrre in sostituzione una "autodichiarazione sostitutiva di atto notorio" autenticata dal notaio o dal segretario comunale come previsto dall''art.4 della legge 4.1.68 e successive modificazioni ed integrazioni.', 1),
(2, 'Quali sono le diverse tipologie di linea telefonica di casa?', '• <b>LINEA TELEFONICA PRINCIPALE</b>: è una linea telefonica principale di tipo tradizionale per i clienti che non svolgono attività professionali intestata a qualunque componente del nucleo familiare anagrafico.<br>\r\n• <b>LINEA TELEFONICA AGGIUNTIVA</b>: è una linea telefonica aggiuntiva di tipo tradizionale intestata al medesimo titolare della linea principale, attivata nella stessa o in altra abitazione.<br>\r\n• <b>LINEA ISDN</b>: è una linea telefonica principale che si differenzia dalla linea di tipo tradizionale in quanto include alcuni servizi telefonici specifici.<br>\r\n• <b>LINEA PER TRAFFICO ENTRANTE</b>: è una linea telefonica di tipo tradizionale aggiuntiva a una linea principale, che consente la sola ricezione delle chiamate.<br>\r\n• <b>LINEA IN FIBRA OTTICA</b>: è la nuova linea per telefonare e navigare in Internet grazie all’alta velocità della fibra ottica, connettere contemporaneamente e con prestazioni elevate Tablet, PC, Smartphone e TV con  più applicazioni e dispositivi, vedere video anche in alta definizione senza attese né interruzioni.<br>\r\n\r\nConsulta online le varie offerte disponibili.', 1),
(3, 'Quanto costa attivare una linea telefonica di casa?', 'Il contributo per l’attivazione di una nuova linea tradizionale è pari a <b>97,60€</b> (IVA inclusa), salvo eventuali promozioni in corso.<br><br>\r\n\r\nCon un costo di abbonamento mensile di 29 € (IVA inclusa) hai la linea di casa con incluse tutte le chiamate illimitate verso fissi e cellulari nazionali (TUTTO VOCE). \r\nCon un costo di abbonamento mensile di 19 € (IVA inclusa) hai la linea di casa con chiamate valorizzate a consumo (VOCE).<br><br>\r\n\r\nPer conoscere le condizioni economiche agevolate riservate a particolari categorie di clientela clicca qui.<br><br>\r\n\r\nNella sezione Offerte seleziona quella di tuo interesse anche per chiamare e navigare in Internet con ADSL e Fibra, verifica tutte le condizioni previste ed eventuali promozioni in corso sui contributi di attivazione (può essere previsto anche un contributo per l’attivazione di specifiche Offerte).<br><br>\r\n\r\nInoltre se domicili la fattura della linea fissa sul c/c bancario/postale o su carta di credito non ti sarà addebitato l’importo dell’anticipo conversazioni. Clicca qui per conoscere i dettagli.<br><br>\r\n\r\nSe richiedi l’attivazione di una nuova linea o un trasloco di linea già attiva, che necessita di un collegamento telefonico attraverso opere speciali, in aree classificate “Nuclei Abitati” e “Case Sparse” dovrai corrispondere a TIM oltre al contributo di attivazione anche un contributo supplementare a fondo perduto (secondo quanto previsto dalla Delibera AGCOM 385/11/CONS). Il costo del contributo supplementare è calcolato sulla base del Listino allegato alla Delibera AGCOM 136/14/CONS e ti verrà comunicato preventivamente per fornirci l’esplicita accettazione. <br><br>\r\n\r\nIn caso di richieste singole è pari al 30% del costo complessivo di installazione del collegamento. In caso di richieste contestuali (ossia sopraggiunte entro la fine lavori) che interessano lo stesso percorso di rete, la percentuale di contributo a carico dei clienti – limitatamente alle sole parti comuni dell’impianto - è pari al 50% del costo dell’impianto calcolato sulla base del medesimo listino e delle modalità previste dalla Delibera AGCOM n. 385/11/CONS, da ripartire equamente tra tutti i clienti che hanno contestualmente richiesto l’allacciamento alla rete. Relativamente alle restanti parti dell’impianto specifiche per ciascuna utenza il contributo dovuto da ciascun cliente resta determinato nella percentuale del 30%.<br>\r\nL’importo del Contributo a fondo perduto può essere pagato in un’unica soluzione o fino a 24 rate mensili.<br><br>\r\n\r\nPer prendere visione delle relative Condizioni clicca qui.<br><br>\r\n\r\nPer la realizzazione dei collegamenti in fibra ottica che esulino dai normali standard tecnici per difficoltà realizzative e/o in presenza di richieste specifiche del Cliente, TIM si riserva di stimare un eventuale contributo economico supplementare alle condizioni standard da sottoporre a preventiva accettazione da parte del cliente. <br><br>\r\n\r\nPer prendere visione delle relative Condizioni clicca qui.', 1),
(4, 'Se attivo una linea in una seconda casa, quanto pago di abbonamento?\r\n', 'Il costo dell’abbonamento della linea in una seconda casa o nella stessa casa è uguale a quello previsto per la linea principale (Offerta Voce) pari a 19 €/mese (IVA inclusa).', 1),
(5, 'Ho la linea telefonica di casa con un altro gestore ma vorrei rientrare in TIM, che cosa devo fare?', 'Per rientrare in TIM con la linea fissa, senza nessun disservizio e senza la necessità di comunicare il recesso direttamente al tuo attuale Operatore, è possibile inserire online la richiesta che implica di conseguenza la cessazione del rapporto contrattuale con il tuo attuale Operatore.<br>\r\nPer il buon esito della richiesta, è necessario reperire presso il tuo attuale operatore il Codice di Migrazione ossia una stringa alfa-numerica che serve per indicare correttamente la tua linea telefonica e per avviare le procedure di passaggio in TIM.\r\n(Per maggiori informazione sul codice di migrazione <b>leggi la faq "Che cos''è il Codice di Migrazione</b>").<br><br>\r\n\r\nSe hai più numeri attivi associati ad un unico Codice di Migrazione dovranno essere riportati all''interno degli appositi campi. Il Codice di Migrazione è pubblicato nell’ultima fattura che hai ricevuto dal tuo attuale Operatore telefonico oppure lo potrai ottenere consultando il sito web o contattando il Call Center commerciale.<br>\r\nIl Codice di Migrazione deve essere completo in ogni sua parte. Se in fattura trovi indicati due Codici di Migrazione, indicali entrambi. In caso contrario la procedura di passaggio non andrà a buon fine.<br>\r\nIl passaggio in TIM avverrà con la tipologia di abbonamento al servizio telefonico da te scelto nella richiesta.<br>\r\nDal momento in cui TIM riceverà la tua richiesta verranno immediatamente avviate tutte le procedure necessarie per la migrazione della linea telefonica verso TIM che ti contatterà se necessario per fissare un appuntamento per l’attivazione del servizio presso la tua abitazione.<br>\r\nA meno di eventuali problemi tecnici che ne impediscano l’attivazione, il servizio scelto sarà attivato da TIM con lo stesso numero telefonico da te attualmente utilizzato. Dopo circa 20 giorni potrai quindi riprendere ad utilizzare i servizi di TIM.<br><br>\r\n<b>Puoi chiamare gratuitamente il Servizio Clienti linea fissa 187 per conoscere le modalità di passaggio in TIM alternative.</b>', 1),
(6, 'Ho la linea telefonica di casa con TIM ma l’ADSL con un altro gestore e vorrei attivare il servizio ADSL con TIM. Cosa devo fare?', 'E'' prevista la possibilità per i clienti di attivare un''offerta ADSL di TIM senza nessun disservizio e senza la necessità di comunicare il recesso direttamente al tuo attuale Operatore. <br>Il passaggio del servizio ADSL a TIM non comporta alcun costo aggiuntivo oltre al pagamento dell''abbonamento mensile dell’offerta attivata. Per rientrare in TIM è possibile eseguire online la richiesta che implica di conseguenza la cessazione del rapporto contrattuale con il tuo attuale Operatore.<br>\r\nPer il buon esito della richiesta, è necessario reperire presso il tuo attuale operatore che ti fornisce l’accesso ADSL il Codice di Migrazione. Questo codice è una stringa alfa-numerica che serve per indicare correttamente la linea telefonica e per avviare le procedure di passaggio.<br>\r\n(Per maggiori informazione sul codice di migrazione leggi la faq "Che cos''è il Codice di Migrazione").<br><br>\r\n\r\nSe hai più numeri attivi associati ad un unico Codice di Migrazione dovranno essere riportati all''interno degli appositi campi. Il Codice di Migrazione è pubblicato nell’ultima fattura che hai ricevuto dal tuo attuale Operatore telefonico oppure lo potrai ottenere consultando il sito web o contattando il Call Center commerciale.<br><br>\r\n\r\nIl Codice di Migrazione è pubblicato nell’ultima fattura che hai ricevuto dal tuo attuale operatore telefonico con il quale hai servizio ADSL oppure lo potrai ottenere consultando il sito web o contattando il Call Center commerciale.<br>\r\nIl Codice di Migrazione deve essere completo in ogni sua parte. Se in fattura trovi indicati due Codici di Migrazione, indicali entrambi. In caso contrario la procedura di passaggio non andrà a buon fine.<br>\r\nDal momento in cui TIM riceverà la tua richiesta verranno immediatamente avviate tutte le procedure necessarie per la migrazione dell''ADSL verso TIM. TIM quindi procederà ad attivare l''offerta richiesta e, se necessario, ti contatterà per fissare un appuntamento per l’attivazione del servizio.\r\nA meno di eventuali problemi tecnici che ne impediscano l’attivazione, dopo circa 20 giorni potrai quindi utilizzare i servizi ADSL di TIM.<br><br>\r\n\r\nL’eventuale esercizio del diritto di recesso (c.d. ripensamento) previsto dall’art. 52 e seguenti del D.lgs. 206/2005 (Codice del Consumo) dopo l’avvio del processo di passaggio in TIM, non garantisce il ripristino automatico della situazione contrattuale precedente.\r\n<br><br>\r\n<b>Per ulteriori informazioni contatta il Servizio Clienti linea fissa 187 oppure collegati qui.</b>', 1),
(7, 'Che cosa è il Codice di Migrazione?', 'È un codice alfa-numerico contenente tutti i dati che servono ad identificare correttamente la tua linea telefonica e il tuo attuale servizio ADSL (ove presente).<br>\r\nIl <b>Codice Migrazione</b> è composto da:<br>\r\n-<b>Codice Segreto (CS)</b> che è formato da 3 caratteri alfanumerici che contraddistinguono il tuo attuale Operatore telefonico.<br>\r\n-<b>Codice Risorsa (COR)</b> che individua la risorsa da migrare. E’ una stringa alfanumerica formata da 12 caratteri al massimo, ma potrebbe essere anche più breve. Solitamente, questo campo corrisponde al numero di telefono.<br>\r\n-<b>Codice Servizio (COS)</b> che individua il servizio attivo con il tuo attuale operatore.<br>\r\n-<b>Codice di controllo</b> è  una lettera e serve per verificare la correttezza del Codice di Migrazione stesso.<br><br>\r\nInsieme al Codice Migrazione, vengono fornire tutte le numerazioni telefoniche attive associate all’accesso.<br>\r\nIl Codice Migrazione è un dato necessario per rientrare in TIM e deve essere completo in ogni sua parte. In caso contrario la procedura di passaggio non andrà a buon fine.<br>\r\nIl Codice di Migrazione, il codice di controllo e le numerazioni associate sono pubblicati nell’ultima fattura che hai ricevuto dal tuo attuale operatore telefonico oppure li potrai ottenere consultando il sito web o contattando il Call Center commerciale.<br><br>\r\n<b>Per maggiori dettagli sulle modalità di contatto puoi rivolgerti al 187.</b>', 1),
(8, 'Che cosa è il Codice Segreto?', 'Il Codice Segreto è un codice alfanumerico assegnato ad ogni cliente, introdotto e disciplinato dalle delibere AGCom nn. 41/09/CIR - 52/09/CIR. Il Codice è stato istituito al fine di comprovare la volontà del cliente di passare ad altro operatore, riducendo i rischi di passaggi non richiesti. E’ composto da tre caratteri alfanumerici, selezionati in un set di 200 combinazioni possibili. Anche TIM ha assegnato a tutti i suoi clienti il Codice Segreto che, fornito contestualmente al numero di telefono e al Carattere di Controllo(*), dovrà essere portato a conoscenza dell’operatore telefonico alternativo nel momento in cui il cliente TIM recede dal contratto.<br>\r\nIl Codice Segreto e il carattere di controllo sono visualizzati sulla fattura sia nella versione cartacea sia su "il mio conto" via Internet, che puoi trovare all’interno del sito tim.it nella sezione MyTIM Fisso a te riservata.<br><br> Il Codice Segreto e il Carattere di Controllo si trovano nella prima pagina del riepilogo dei costi in alto a destra sotto il “Codice Fiscale” sotto la voce “Codice segreto”.<br>\r\n(*) Il Carattere di Controllo è un carattere alfabetico calcolato automaticamente ed utilizzato per verificare l’esattezza della stringa Codice Segreto e numero di telefono.', 1),
(9, 'Come è composto il Codice Segreto?', 'I primi 3 caratteri del Codice Segreto sono caratteri alfanumerici e randomici. TIM ha un set di 200 combinazioni possibili diverse tra loro che ha assegnato casualmente a tutti i suoi clienti. Segue poi il numero di telefono del cliente e quindi il carattere di controllo, che è un carattere alfabetico che viene calcolato automaticamente (attraverso un apposito algoritmo) e serve come controllo in fase di inserimento della richiesta nei sistemi.', 1),
(10, 'Dove posso trovare sul sito il mio Codice Segreto?', 'Per visualizzare il tuo codice segreto, devi accedere alla sezione MyTIM Fisso (previa registrazione) e cliccare su “il mio conto” e successivamente scaricare il pdf dell’ultima fattura.', 1),
(11, 'Cos''è il trasloco di una linea telefonica?', 'Il trasloco ti permette di trasferire la tua linea telefonica presso una nuova abitazione, nella stessa città o in una città diversa.', 4),
(12, 'Posso mantenere il mio numero telefonico?', 'Se la nuova abitazione si trova nello stesso distretto telefonico di quella di origine, salvo problemi tecnici, sarà possibile mantenere il vecchio numero telefonico.\r\nFino al momento dell’attivazione della linea nella tua nuova abitazione potrai continuare ad utilizzare la linea telefonica nella tua vecchia abitazione.', 4),
(13, 'Come posso richiederlo?', 'Puoi gestire la tua richiesta di trasloco direttamente da questo sito oppure chiamando il Servizio Clienti 187.<br>\r\nPer inviare la richiesta via web devi essere registrato all''Area Clienti.<br><br>\r\n\r\nDopo esserti autenticato non dovrai far altro che seguire alcuni semplici passaggi:\r\n<br>\r\n-accedere all''Area Clienti entrare in "La mia Linea"<br>\r\n-cliccare su "Trasloca" e compilare online il modulo<br>\r\nal completamento della richiesta di trasloco, riceverai un’e-mail di conferma di presa in carico della tua richiesta\r\npotrai, infine, seguire lo stato della tua richiesta accedendo in Area Clienti > Stato Richieste.<br>', 4),
(14, 'Quali sono i tempi?', 'Il trasloco viene effettuato di norma entro 10 giorni lavorativi dalla richiesta. Tuttavia, nel caso in cui TIM riscontri la necessità di realizzare lavori aggiuntivi per il completamento del trasloco, essi saranno completamente a tuo carico . Se il trasloco avvenisse in un periodo superiore ai 10 giorni normalmente previsti, il Servizio Clienti ti fornirà tempestiva comunicazione della causa del ritardo, fornendoti indicazioni quanto più precise possibili sulla tempistica prevista.\r\nSe i tempi di completamento superano i 60 giorni dalla data di acquisizione della tua richiesta, in alternativa, potrai richiede la cessazione della tua vecchia linea e l’attivazione di una nuova linea presso la nuova abitazione, secondo le “ procedure eccezionali” descritte nel paragrafo successivo.', 4),
(15, 'Quanto costa il trasloco?', 'Il contributo da versare per il trasloco della linea telefonica è di 73,20 € (IVA al 22% inclusa).<br>\r\nLa fatturazione del canone e dei servizi telefonici attivi presso la tua vecchia abitazione proseguirà fino all’attivazione della linea presso la nuova abitazione da te indicata.<br><br>\r\n\r\nInoltre ricorda sempre che:<br><br>\r\n\r\n- nel caso in cui fosse necessario realizzare lavori aggiuntivi, essi saranno completamente a tuo carico e il Servizio Clienti te ne comunicherà tempestivamente il costo per la preventiva approvazione.<br>\r\n- se i tempi di completamento del trasloco superano i 60 giorni dalla data di acquisizione della tua richiesta, in alternativa, potrai richiedere contestualmente la cessazione della tua vecchia linea e l’attivazione di una nuova linea presso la nuova abitazione. Questa procedura eccezionale prevede la cessazione della fatturazione dei costi della linea disattivata e l’applicazione del contributo previsto per il trasloco (meno oneroso di quello previsto per l’attivazione di nuova linea).<br>\r\n- questa procedura <b>non consente di mantenere il tuo numero di telefono</b> anche sulla nuova linea; inoltre se, al momento della richiesta di attivazione della nuova linea, le offerte attivate sulla tua vecchia linea non fossero più commercializzate da TIM, sarebbe necessario attivare le nuove offerte previste in sostituzione di quelle non più commercializzate (con caratteristiche economiche sostanzialmente analoghe, se non più convenienti).<br>', 4),
(16, 'Ho Alice Voce, se trasloco la mia linea perderò il collegamento?', 'Se hai Alice Voce e il trasloco non comporta un cambio numero e se non hai l''offerta Alice Home TV e Unica, l''offerta ti sarà traslocata garantendo il mantenimento dei numeri VoIP supplementari, lasciando attive tutte le promozioni presenti su Alice Voce al momento del trasloco.\r\n', 4),
(17, 'Cosa sono i Codici PIN e PUK?', 'Il <b>PIN (Personal Identity Number)</b> è un codice numerico di 4 cifre che ti consente, se regolarmente impostato, di proteggere il telefonino da utilizzi illeciti. Viene infatti richiesto dal telefonino al momento dell’accensione; il codice PIN è personalizzabile. Il <b>PUK (Personal Unblocking Key)</b> è un codice di sblocco fisso e non modificabile che serve per sbloccare la SIM a seguito dell''errata digitazione del codice PIN per 3 volte di seguito.', 8),
(18, 'Dove posso trovare i codici PIN e PUK?', 'Ogni TIM Card o SIM in abbonamento viene venduta accompagnata da due codici di sicurezza, il PIN e il PUK. Puoi trovare i codici PIN e PUK sul retro del supporto di plastica, che ti viene consegnato al momento dell’acquisto della tua SIM, sotto la striscia argentata. I codici PIN e PUK sono strettamente personali ed il Servizio Clienti 119 non potrà fornirteli in caso di perdita o dimenticanza.', 8),
(19, 'Ho bloccato la mia SIM. Come posso sbloccarla?', '- Se sei in possesso del PUK, la procedura da seguire per lo sblocco della SIM è la seguente: **05*PUK*PIN*PIN# <br>\r\n- Se hai smarrito il PUK, dovrai necessariamente recarti in un <b>Negozio TIM</b> per effettuare la sostituzione della SIM mantenendo il tuo numero telefonico. Ti ricordiamo che il Servizio Clienti 119 per motivi di sicurezza non ha la possibilità di fornirti il PUK, trattandosi di un codice strettamente personale.', 8),
(20, 'Ho digitato in maniera errata il codice PUK. Come posso sbloccare la mia SIM?', 'Se hai digitato il codice PUK in maniera errata per dieci volte consecutive la tua SIM non può più essere sbloccata. Dovrai necessariamente recarti in un Negozio TIM per effettuare un cambio carta. Ti sarà consegnata una nuova SIM mantenendo lo stesso numero telefonico.', 8),
(21, 'Ho subito il furto del mio telefonino. Cosa devo fare?', 'In caso di furto o smarrimento del tuo telefonino dovrai tempestivamente bloccare la linea relativa alla SIM presente al suo interno.<br>\r\nSe sei un cliente ricaricabile e sei già registrato alla sezione MyTIM Mobile puoi bloccare la linea direttamente online. Se non sei registrato alla sezione MyTIM Mobile o se sei un cliente in abbonamento dovrai contattare il Servizio Clienti 119. Previa identificazione e verifica della titolarità del numero (attraverso la comunicazione di nome, cognome, codice fiscale,...) verrà immediatamente bloccata la linea al traffico telefonico.<br><br>\r\n\r\nSe desideri bloccare anche il telefonino rubato o smarrito cosicché non sia più possibile utilizzarlo sulla rete degli operatori mobili nazionali potrai inviarci un''autodichiarazione di furto o smarrimento attraverso l''apposito modulo di richiesta "Blocco IMEI" indicando il codice IMEI del telefonino da bloccare e allegando copia del documento di riconoscimento. Puoi compilare ed inviarci il modulo direttamente online oppure scaricarlo in formato PDF e spedirlo all''indirizzo indicato nel modulo stesso.<br><br>\r\n\r\nTi ricordiamo che l''<b>IMEI</b> è un codice composto di 15 cifre ed è riportato su di una etichetta all''interno del telefonino o sulla confezione originale dello stesso; si può inoltre individuare digitando sulla tastiera del telefonino il seguente codice: *#06#. Nel caso non abbia conservato la confezione del telefonino o non abbia provveduto in passato a memorizzare il codice IMEI, è possibile risalire allo stesso comunicando a TIM, attraverso il Modulo di richiesta Blocco IMEI, quattro numeri di telefono che chiami abitualmente.\r\nNel caso in cui sporgessi denuncia presso le competenti Autorità di Pubblica Sicurezza puoi allegarne copia alla suddetta richiesta. Il servizio di blocco IMEI è gratuito.', 9),
(22, 'Cosa succede dopo il blocco della linea? Continuo a pagare per i miei servizi telefonici?', 'Se sei un cliente ricaricabile, il tuo numero telefonico ed tuo credito residuo (presente al momento del blocco), rimangono a tua disposizione fino alla naturale scadenza della linea ricaricabile. Ti ricordiamo quindi che il Servizio Ricaricabile rimane attivo a meno che tu non faccia esplicita richiesta di cessazione.\r\nSe sei un cliente con abbonamento, fermo restando il blocco della linea, è importante ricordare che il contratto di abbonamento rimane attivo a meno che tu non faccia espressa richiesta di cessazione. Continuerai pertanto a ricevere regolarmente la fattura telefonica con le consuete spese fisse.<br>\r\nTi suggeriamo quindi di recarti prima possibile presso un Negozio TIM per effettuare la <b>sostituzione della SIM</b>. In tal modo potrai recuperare il tuo numero telefonico e riprendere immediatamente ad utilizzare tutti i tuoi servizi.', 9),
(23, 'Avevo acquistato il mio telefonino in rateizzazione attraverso un''offerta domiciliata sulla mia carta di credito. Cosa succede adesso?', 'Devi recarti presso un Negozio TIM ed effettuare la sostituzione della SIM. Infatti trascorsi 60 giorni dal blocco della linea per furto o smarrimento, la mancata sostituzione della SIM comporta l’addebito dei costi previsti dalle condizioni dell''offerta da te sottoscritta.', 9),
(24, 'Ho attivo il servizio "Sempre Sicuro" con copertura assicurativa in caso di furto e mi è stato rubato il telefonino. Cosa devo fare?', 'Se hai attivo il servizio “Sempre Sicuro” in caso di furto devi:<br><br>\r\n\r\n- chiamare il Servizio Clienti 119 per il blocco della SIM;<br>\r\n- recarti in un Negozio TIM per per il cambio SIM;<br>\r\n- presentare entro 7 giorni denuncia alle Autorità competenti con l''indicazione del codice IMEI del telefonino oggetto di furto;<br>\r\n- aprire una richiesta di assistenza tramite il Numero Verde 800-007766, accessibile dal lunedì al venerdì dalle 8.30 alle 20.30 e il sabato dalle 08:30 alle 14:30 festivi esclusi da tutti i numeri fissi e mobili nazionali e, dall''estero, chiamando il Servizio Clienti 119; oppure tramite il sito sempresicuro.tim.it <br>\r\nDovrai richiedere al Numero Verde o attraverso il sito, con le modalità sopradette, il blocco IMEI.<br><br>\r\n\r\nVerifica che sia effettivamente attiva una formula Sempre Sicuro che assicura la sostituzione del tuo smartphone in caso di furto. Ti potrà essere consegnato un telefono nuovo o rigenerato.', 9),
(25, 'Ho ritrovato il mio telefonino. Cosa devo fare?', 'In caso di ritrovamento del tuo telefonino puoi richiedere lo sblocco della tua SIM contattando il Servizio Clienti 119. L''operatore, dopo le opportune verifiche sulla titolarità del numero ed identificazione del richiedente, provvederà alla riattivazione della SIM.<br>\r\nSe avevi richiesto anche il blocco dell''IMEI del telefonino, puoi richiederne lo sblocco compilando ed inviando direttamente online il modulo di richiesta di "Sblocco IMEI" disponibile alla sezione Moduli. In alternativa potrai inviare a mezzo posta il modulo cartaceo disponibile in formato PDF nella stessa sezione. Nel caso in cui avessi precedentemente sporto denuncia di furto o smarrimento alle competenti Autorità, per lo sblocco dell''IMEI dovrai inviarci anche la denuncia di ritrovamento.', 9),
(26, 'Come posso recuperare il mio numero di telefono?', 'A seguito del blocco della SIM per furto o smarrimento puoi recarti in un Negozio TIM per richiedere il cambio SIM mantenendo il tuo numero di telefono.', 9),
(27, 'Mi trovo all''estero e mi hanno rubato il telefonino. Cosa devo fare?', 'Se sei un cliente ricaricabile e sei già registrato alla sezione MyTIM Mobile puoi bloccare la tua SIM direttamente online. Se non sei registrato e se sei un cliente in abbonamento potrai bloccare tempestivamente la tua linea chiamando il Servizio Clienti 119. Dalla zona Europa la chiamata è gratuita 24h24, ti basterà digitare il numero in formato breve 119 oppure in formato esteso +393399119.', 9),
(28, 'Posso fare il cambio carta, trovandomi all''estero?', 'Puoi richiedere la spedizione gratuita di una SIM Card da 128KB: ti basterà contattare il Servizio Clienti 119 al momento della consegna per attivarla e tornare nuovamente raggiungibile sempre con il tuo stesso numero. Per tutti gli approfondimenti sul servizio clicca qui.', 9),
(29, 'Cosa si intende per sostituzione SIM Card?', 'L’operazione di sostituzione SIM ti consente di cambiare la tua SIM e conservare il tuo numero telefonico (sia per clienti ricaricabili che in abbonamento).<br><br>\r\n\r\nTi ricordiamo che la sostituzione della SIM Card genera la perdita dei dati memorizzati contenuti al suo interno. In caso tu non abbia subìto il furto o lo smarrimento della carta oppure il blocco per codice PIN errato, informati su come trasferire i dati dalla memoria della scheda a quella del telefonino prima di procedere con la sostituzione della SIM Card.', 10),
(30, 'In quali casi posso effettuare la sostituzione SIM Card?', 'Potresti avere la necessità di richiedere la sostituzione della tua SIM per i seguenti motivi:<br><br>\r\n\r\n- Furto/smarrimento<br>\r\n- Malfunzionamento<br>\r\n- Blocco e/o smarrimento del codice PIN/PUK<br>\r\n- Passaggio a SIM di ultima generazione<br>\r\n- Attivazione servizi NFC<br>', 10),
(31, 'Dove posso effettuare la sostituzione SIM Card?', 'Puoi effettuare la sostituzione della SIM presso qualsiasi Negozio TIM.', 10),
(32, 'Quanto costa sostituire la SIM Card?', 'Il costo per la sostituzione della SIM è di 10€ (IVA inclusa).<br><br>\r\n\r\nPer i clienti ricaricabili, in caso di sostituzione per Malfunzionamento entro 24 mesi dall''attivazione della SIM, è previsto:\r\n<br>\r\n- dal 6 giugno 2016, il rimborso dei 10€ sul credito residuo della linea oggetto dell’operazione se effettuata presso il Negozio TIM;<br>\r\n- successivamente, entro il 30 giugno, in alternativa alla richiesta presso il Negozio TIM, la sostituzione gratuita potrà avvenire anche tramite spedizione della nuova SIM, all’indirizzo indicato dal cliente, previa  richiesta scritta del Cliente. ', 10),
(33, 'Come posso pagare la sostituzione della SIM Card?', 'Se sei un cliente ricaricabile il pagamento del cambio SIM dovrà essere effettuato in contanti al Negozio TIM; se sei un cliente abbonato il pagamento avverrà con addebito in fattura.', 10),
(34, 'Quali documenti devo presentare per richiedere la sostituzione della SIM Card?', 'Per effettuare la sostituzione della SIM Card dovrai recarti presso il Negozio TIM presentando la vecchia carta SIM, a meno del caso del furto/smarrimento, e la documentazione di seguito riepilogata:\r\n<br><br>\r\n- Esibizione del documento d’identità del richiedente <br>\r\n- Comunicazione del Codice Fiscale dell’intestatario o della Persona Giuridica intestataria del contratto.<br>', 10),
(35, 'In cosa consiste il servizio LoSai e ChiamaOra?', '<b>LoSai di TIM</b>, ti informa sulle chiamate ricevute mentre hai il telefonino spento, non raggiungibile, quando sei occupato in un''altra conversazione e negli altri casi in cui non è stato possibile contattarti.\r\nQuando torni disponibile riceverai un SMS di notifica, il cui mittente è il numero di chi ti ha cercato e nel testo è indicata la data e l''ora della chiamata ricevuta.\r\nSe il numero di chi ti ha cercato è salvato nella tua rubrica, vedrai direttamente il suo nome come mittente e potrai richiamare, o inviare un SMS, direttamente dopo aver letto il messaggio di notifica.\r\nCon LoSai di TIM ricevi un SMS per ogni chiamata persa, sia quando sei in Italia sia quando ti trovi all’Estero senza costi aggiuntivi rispetto al costo dell’abbonamento.<br><br>\r\n\r\n<b>ChiamaOra di TIM</b>, ti permette di sapere sempre quand’è il momento giusto per richiamare chi stai cercando.\r\nQuando la persona che stai chiamando al momento non può rispondere, perché ha il telefonino spento, fuori copertura o è occupata in un’altra conversazione, il servizio ChiamaOra di TIM ti consente di ricevere un SMS di avviso, oppure di prenotare la richiamata automatica, non appena la persona cercata torna contattabile.<br>\r\nL’utilizzo del ChiamaOra di TIM è semplicissimo!<br>\r\nQuando chiami un tuo amico ed ascolti la fonia di cortesia del servizio puoi decidere di:<br>\r\n- chiudere subito la chiamata e ricevere un SMS di avviso quando il tuo amico tornerà contattabile (nel testo dell''SMS sarà indicata l’ora in cui è tornato raggiungibile).<br>\r\n- se invece vuoi prenotare la richiamata automatica, attendendo in linea, quando la persona chiamata tornerà raggiungibile il tuo telefonino squillerà e, rispondendo, ChiamaOra di TIM richiamerà per te la persona cercata.<br>\r\nLa richiamata sarà tariffata in base al tuo piano tariffario. Se invece hai attivato una delle opzioni tariffarie di TIM (voce, SMS, Internet), le richiamate sono tariffate secondo le condizioni previste da tali offerte.', 13),
(36, 'Quanto costa il servizio LoSai e ChiamaOra?', 'Il servizio è a tempo indeterminato salvo disattivazione che è possibile richiedere in qualsiasi momento chiamando gratuitamente il numero 40920 dedicato ai servizi TIM e seguendo le istruzioni della voce guida, oppure direttamente online.Il servizio è a tempo indeterminato salvo disattivazione che è possibile richiedere in qualsiasi momento chiamando gratuitamente il numero 40920 dedicato ai servizi TIM e seguendo le istruzioni della voce guida, oppure direttamente online.<br><br>\r\n\r\nPer tutti i clienti già TIM ricaricabili il servizio è fruibile a 1,90€ ogni due mesi con addebito sul credito residuo (*). Per i clienti già TIM con abbonamento il servizio è fruibile a 48 cent al mese solare, con addebito bimestrale di 96 cent sulla fattura della linea mobile. I nuovi clienti che passano a TIM mantenendo il numero mobile o attivano una nuova linea, se richiedono contestualmente l’attivazione del servizio LoSai e ChiamaOra di TIM fruiscono del servizio in promozione GRATIS per il primo mese!<br><br>\r\n\r\nI clienti TIM ricaricabili che hanno attivato LoSai e ChiamaOra di TIM entro l’ 1/02/2015 fruiscono del servizio al prezzo di 1,90€ ogni 4 mesi, fino alla scadenza dell’ultimo rinnovo (per conoscere tale data - personalizzata per cliente - si può chiamare il numero gratuito 40920). Dopo il costo sarà di 1,90€ (IVA inclusa) ogni 2 mesi . Si ricorda, infatti, che dal 6 dicembre 2015 la tariffazione del servizio LoSai e ChiamaOra di TIM, anche per tali Clienti, avviene ogni 2 mesi anziché 4, al costo attuale di 1,90€ (*). <br><br>\r\n\r\nI clienti TIM con abbonamento che hanno attivato LoSai e ChiamaOra di TIM entro l’ 1/02/2015 contestualmente all’attivazione di una nuova linea o al passaggio a TIM mantenendo il numero mobile, hanno il servizio Gratis per i primi 4 mesi e poi al costo di 48 cent al mese solare, con addebito bimestrale di 96 cent sul rendiconto telefonico TIM.<br><br>\r\n\r\n\r\n(*)Ti ricordiamo che se al momento del rinnovo il credito disponibile sulla tua TIM Card è inferiore al costo previsto, il credito residuo non verrà eroso. L’importo relativo al rinnovo del servizio verrà scalato alla prima ricarica utile<br><br>\r\n\r\nPer tutti i clienti già TIM ricaricabili il servizio è fruibile a 1,90€ ogni due mesi con addebito sul credito residuo (*). Per i clienti già TIM con abbonamento il servizio è fruibile a 48 cent al mese solare, con addebito bimestrale di 96 cent sulla fattura della linea mobile. I nuovi clienti che passano a TIM mantenendo il numero mobile o attivano una nuova linea, se richiedono contestualmente l’attivazione del servizio LoSai e ChiamaOra di TIM fruiscono del servizio in promozione GRATIS per il primo mese!<br><br>\r\n\r\nI clienti TIM ricaricabili che hanno attivato LoSai e ChiamaOra di TIM entro l’ 1/02/2015 fruiscono del servizio al prezzo di 1,90€ ogni 4 mesi, fino alla scadenza dell’ultimo rinnovo (per conoscere tale data - personalizzata per cliente - si può chiamare il numero gratuito 40920). Dopo il costo sarà di 1,90€ (IVA inclusa) ogni 2 mesi . Si ricorda, infatti, che dal 6 dicembre 2015 la tariffazione del servizio LoSai e ChiamaOra di TIM, anche per tali Clienti, avviene ogni 2 mesi anziché 4, al costo attuale di 1,90€ (*). <br><br>\r\n\r\nI clienti TIM con abbonamento che hanno attivato LoSai e ChiamaOra di TIM entro l’ 1/02/2015 contestualmente all’attivazione di una nuova linea o al passaggio a TIM mantenendo il numero mobile, hanno il servizio Gratis per i primi 4 mesi e poi al costo di 48 cent al mese solare, con addebito bimestrale di 96 cent sul rendiconto telefonico TIM.<br><br>\r\n\r\n\r\n(*)Ti ricordiamo che se al momento del rinnovo il credito disponibile sulla tua TIM Card è inferiore al costo previsto, il credito residuo non verrà eroso. L’importo relativo al rinnovo del servizio verrà scalato alla prima ricarica utile<br>', 13),
(37, 'Come si attiva (e disattiva) il servizio LoSai e ChiamaOra di TIM?', 'Il servizio LoSai e ChiamaOra di TIM è attivabile su richiesta:<br><br>\r\n\r\n- Per i <b>nuovi clienti</b>, presso i Negozi TIM contestualmente all’attivazione di una nuova linea o in caso di passaggio a TIM mantenendo il proprio numero mobile attivo.<br>\r\n- Per i <b>clienti già TIM</b>, chiamando gratuitamente il numero 40920 dedicato ai servizi TIM e seguendo le istruzioni della voce guida, oppure direttamente online dalla sezione MyTIM Mobile.<br><br>\r\n\r\nE’ possibile disattivare il servizio “Lo Sai e Chiama Ora di TIM” direttamente online o chiamando il numero gratuito 40920<br>', 13),
(38, 'Perché dovrei registrarmi al MyTIM Fisso o scaricare l’app MyTIM Fisso?', 'Innanzi tutto perché è semplice e veloce, poi perchè hai la possibilità di gestire autonomamente la tua linea!\r\n\r\nCompila il modulo di registrazione per accedere ai nostri servizi.\r\n\r\nLa registrazione è completa e certificata se utilizzi un collegamento Telecom Italia associato al codice fiscale da registrare:\r\n<br><br>\r\n- se sei già un cliente internet TIM accedere utilizzando username e password di Alice Mail.<br>\r\n- se effettui la registrazione fuori casa o da una linea non TIM, dovrai chiamare il numero gratuito 40 123 opzione 2.<br>\r\n- le credenziali di accesso dell’applicazione MyTIM Fisso per smartphone e tablet sono quelle con le quali ti sei registrato alla sezione MyTIM Fisso.<br>\r\n', 14),
(39, 'Come posso effettuare online un trasloco?', 'Il trasloco ti permette di trasferire la tua linea telefonica presso una nuova abitazione, nella stessa città o in una città diversa. Qualora la nuova abitazione si trovi nello stesso distretto telefonico di quella di origine, salvo problemi tecnici, sarà possibile mantenere il vecchio numero telefonico.\r\n\r\nLa richiesta di trasloco può essere inviata direttamente online oppure chiamando il Servizio Clienti 187.', 14),
(40, 'Come posso vedere lo stato delle mie richieste?', 'Registrandoti  in MyTIM Fisso  puoi verificare l’avanzamento delle tue richieste commerciali, amministrative e tecniche.', 14),
(41, 'Come posso visualizzare tutte le comunicazioni da e per TIM?', 'Una volta entrato nella sezione MyTIM Fisso  puoi visualizzare i tuoi contatti (telefonici, web, posta e fax) e tutte comunicazioni via mail e cartacee inviate e ricevute da TIM.', 14),
(42, 'Come posso recuperare la password della sezione MyTIM Fisso?', 'Clicca su Non ricordi più Username o Password? Recuperali! dopo aver cliccato My TIM Fisso. Ti verrà chiesto di inserire il tuo username o il tuo codice fiscale, di inserire i 5 caratteri che visualizzi e di cliccare su "PROSEGUI". A questo punto ti verrà proposta la domanda segreta, a cui dovrai rispondere con la "risposta di controllo" inserita in fase di registrazione. Ti verrà così inviata una nuova password nella casella email indicata in fase di registrazione. “Se non ricordi la risposta alla domanda segreta”. Il sistema ti presenterà una maschera in cui devi inserire il numero fattura (es. RW03910103), il numero di telefono ed il numero del bimestre di riferimento (es. 5/2013). A questo punto visualizzerai la tua username e riceverai la nuova password nella casella email indicata in fase di registrazione. In alternativa, utilizza il servizio <b>Chat</b>, un operatore potrà darti assistenza.', 14),
(43, 'Come leggo la fattura della linea fissa?', 'Nella prima pagina trovi:<br>\r\n- i dati principali dell’intestatario della linea di casa e della fattura<br>\r\n- il riepilogo degli abbonamenti attivi \r\nun box informativo con le proposte commerciali personalizzate relative a  offerte, prodotti, servizi<br>\r\n- l’informazione sulla modalità di pagamento (bollettino, addebito su conto corrente o su carta di credito)<br>\r\n- lo stato dei pagamenti<br>\r\n- una guida veloce che riporta, attraverso semplici icone, i riferimenti per entrare in contatto con TIM: App MyTIM Fisso per Smartphone e Tablet, sito www.tim.it (registrandoti alla sezione MyTIM Fisso), Social Network (Facebook, Youtube, Twitter, Google+), Servizio clienti 187, Negozi TIM.<br><br>\r\n\r\nNella pagina del “Dettaglio dei costi”  le voci sono riordinate secondo una logica più vicina alle tue esigenze: <br> \r\n- prima trovi gli eventuali “Importi Una Tantum” cioè quelli straordinari da pagare una sola volta, <br>\r\n- poi gli “Abbonamenti” (canoni delle offerte/prodotti/servizi attivi), \r\nsegue la descrizione “Telefonate e contenuti” (consumi di traffico, sms, contenuti digitali come video on demand, ebook, ecc) <br>\r\n- ed infine la voce “Altri importi” (spese di produzione e spedizione fatture, le rate dei prodotti, le indennità di ritardato pagamento, interessi legali e moratori, consegna elenchi telefonici).<br>', 18),
(44, 'Che vantaggi ho con la fattura online?', 'Con la fattura online puoi:<br><br>\r\n- avere chiarimenti sul significato delle voci in fattura<br>\r\n- visualizzare il dettaglio di tutte le tue telefonate ed analizzarle utilizzando i filtri per tipo di chiamata, offerta, data, numero chiamato, fascia oraria, durata e costo;<br>\r\n- inviare segnalazioni al Servizio Clienti (ad es. segnalazione di errato addebito del traffico, richiesta di abilitazione di un servizio, ecc.) ottenendo la risposta in tempi brevi.<br>\r\n- inviare la fattura sulla tua casella emai\r\nvisualizzare e scaricare in formato excel i grafici del tuo traffico<br>', 18),
(45, 'Vorrei cambiare l’indirizzo e-mail su cui ricevere il messaggio della disponibilità online della mia fattura. Come posso fare?', 'Accedi con la tua username e password nella sezione <b>“MyTIM Fisso” →  "Il mio profilo → “Gestione Profilo"</b> e quindi clicca su “Gestione email” che si trova sulla stessa riga della voce "Email": qui potrai modificare l’indirizzo e-mail su cui ricevere il messaggio della disponibilità online della tua fattura, inserendone uno nuovo o selezionando come principale uno di quelli già presenti', 18),
(46, 'Vorrei cambiare l’indirizzo email su cui ricevere il messaggio della disponibilità on line della mia fattura TIM di linea fissa. Come posso fare?', 'Accedi con la tua username e password in MyTIM Fisso nella sezione "Il mio profilo" e quindi clicca su "Gestione email” accanto alla voce "Email". Potrai così modificare l’indirizzo e-mail su cui ricevere il messaggio della disponibilità online della tua fattura.', 24),
(47, 'Non voglio più ricevere l’e-mail della disponibilità della mia fattura. Cosa devo fare?', 'Puoi entrare in MyTIM Fisso, andare alla voce di menu "La mia linea > Riepilogo" e cliccare su "modifica" accanto a “Modalità ricezione conto”. Una volta all’interno, seleziona “No” alla voce <b>“Notifica via e-mail di emissione fattura”</b>. Modificata la notifica, conferma cliccando su “Salva”. ', 24),
(48, 'Non voglio più ricevere la fattura esclusivamente online ma in formato cartaceo. Cosa devo fare?', 'Se vuoi ricevere la fattura cartacea, puoi entrare in MyTIM Fisso, andare alla voce di menu "Il mio profilo > Gestione profilo" e cliccare su "Modifica" accanto a “Modalità ricezione conto”. Una volta all’interno, seleziona “No” alla voce “Vuoi aderire all''opzione di Conto Online che prevede l''eliminazione dell''invio cartaceo della fattura ed alle condizioni contrattuali che regolano tale opzione?” e conferma cliccando su “Salva”. In questo caso dalla prima fattura cartacea ricevuta ti saranno addebitate le spese di spedizione postale e le tue fatture resteranno comunque disponibili anche online.', 24),
(49, 'Vorrei stampare la documentazione dei consumi della fattura. Cosa devo fare?', 'Per stampare la documentazione dei consumi riportati nella tua fattura cartacea accedi in MyTIM Fisso > Il mio conto > Elenco fatture e clicca sul tasto "scarica/stampa" in corrispondenza del mese di tuo interesse. Potrai così procedere alla stampa in formato .pdf della tua fattura comprensiva della documentazione e, se lo desideri, salvarla sul tuo PC.<br>\r\nPer stampare la documentazione dei consumi che ti viene resa disponibile esclusivamente online (poiché non hai aderito al servizio Documentazione Consumi sulla tua fattura) puoi invece accedere alla sezione Il mio conto > Elenco fatture e cliccare sul tasto Visualizza e poi Documentazione Consumi. Potrai così utilizzare la funzionalità di stampa del tuo browser, copiare e salvare in formato excel i dati di documentazione o inviarti il pdf sulla tua casella di posta elettronica.<br><br>\r\n\r\nLa documentazione dei consumi è disponibile per le ultime 4 fatture emesse.<br>', 24),
(50, 'Come aderire alla documentazione consumi', 'Per richiedere la documentazione dei consumi puoi:<br>\r\n- Accedere alla sezione MyTIM Fisso e attivare l''opzione "Documentazione consumi";<br>\r\n- Chiamare gratuitamente il Servizio Clienti Linea Fissa 187.<br>', 25),
(51, 'Documentazione online dei consumi', '<b>Cos''è</b><br>\r\nAderendo a "Il mio conto" ricevi ogni mese, gratuitamente, la documentazione dei consumi per avere il dettaglio delle telefonate effettuate e dei servizi utilizzati. Il servizio riporta tutte le chiamate effettuate dalla tua linea telefonica con l’indicazione del tipo chiamata (es. locale, interurbana, ecc.) dell’offerta in cui rientra la chiamata, della data, dell’ora, del numero chiamato con le ultime cifre asteriscate, della fascia tariffaria, della durata e del costo.<br><br>\r\n\r\n<b>Come aderire</b><br>\r\nVisualizzare la documentazione dei consumi online è molto semplice. Basta accedere alla sezione MyTIM Fisso  >  Il mio conto - Elenco fatture e cliccare su Visualizza e poi su Documentazione Consumi.<br>\r\nSe già ricevi la documentazione cartacea dei consumi, puoi scegliere di recedere da questo servizio accedendo da MyTIM Fisso alla voce di menu  La mia linea > Riepilogo e modificando l’opzione “Documentazione consumi”. Comunque, avrai a tua disposizione la visualizzazione online dei tuoi consumi.<br><br>\r\n<b>I vantaggi</b><br>\r\nTanti i vantaggi offerti dal servizio:<br>\r\n- hai sempre online il dettaglio delle chiamate degli ultimi 5 mesi con possibilità di visualizzarli e di salvarli sul tuo PC;<br>\r\n- le chiamate sono raggruppate per numero telefonico chiamato;<br>\r\n- grazie ai filtri di ricerca potrai analizzare con facilità tutte le tue telefonate selezionandole per tipo di chiamata, offerta, data, numero chiamato, fascia oraria, durata e costo;<br>\r\n- puoi analizzare la fattura con l’aiuto dell''help testuale, il servizio di TIM per avere chiarimenti sul significato delle voci in fattura, verificare eventuali variazioni dell’importo della tua fattura rispetto alle precedenti e ricevere immediatamente l’indicazione degli importi che hanno determinato tale scostamento.<br>\r\nPuoi inviare segnalazioni al Servizio Clienti Linea Fissa 187 (ad esempio segnalazione di errato addebito del traffico, richiesta di abilitazione o cessazione di un servizio, ecc.);<br>\r\n- puoi analizzare i dati di traffico degli ultimi mesi in forma tabellare e grafica;<br>\r\n- ogni mese sarai avvisato via mail che la tua ultima fattura e la relativa documentazione dei consumi è emessa ed è online sul sito tim.it;<br>\r\n- puoi inviare il pdf della fattura sulla tua casella mail.<br>', 25),
(52, 'Ho ricevuto un SMS che mi avvertiva di aver superato la soglia di traffico. Cosa è e cosa devo fare', 'Si tratta del nuovo servizio di TIM chiamato “TI avviso” che ti avverte che il valore dei consumi sulla tua linea ha superato il doppio della spesa media calcolata sulle ultime due fatture TIM e, comunque, la soglia dei 300€ IVA inclusa. Devi chiamare il Numero Verde 800515151 e digitare il numero di pratica che ti è stato indicato nel messaggio stesso.', 25),
(53, 'Vorrei attivare il nuovo servizio “TI avviso”, come devo fare', 'Lo puoi richiedere direttamente su questo sito dalla sezione MyTIM Fisso, previa registrazione. Basta cliccare sul tasto "Modifica" accanto alla voce "Ti Avviso" presente nella schermata "La tua Linea". In alternativa puoi chiamare il Servizio Clienti Linea Fissa 187 opzione 3. La chiamata deve essere effettuata dal titolare della linea e dal numero su cui intendi attivare il servizio.', 25),
(54, 'Quanto costa attivare il servizio “TI avviso”', 'Il servizio è gratuito.', 25),
(55, 'Non sento alcun rumore', 'Se alzando il ricevitore non ascolti alcun rumore , verifica prima di tutto se nella tua abitazione è presente un telefono fuori posto, ovvero con il ricevitore non corretttamente posizionato sulla propria base.<br><br>\r\n\r\nSe dopo la verifica il problema persiste, prova a scollegare dalle prese tutti i telefoni presenti nella tua abitazione, a spegnere il modem se hai l''ADSL e a collegare un telefono tradizionale (non cordless) sulla presa principale (in genere la più vicina all''ingresso della tua abitazione):<br>\r\n- se ora riesci a chiamare e a ricevere chiamate il problema riscontrato è da imputare ad un filtro o alla tipologia del tuo impianto domestico.<br>\r\n- se invece continui a riscontrare il problema, clicca su Apri una segnalazione indicando come tipologia di problema Linea isolata.<br>', 29),
(56, 'Si sente un fruscio\r\n', 'Prova a scollegare dalle prese tutti i telefoni presenti nella tua abitazione, a spegnere il modem se hai l''ADSL e a collegare un telefono tradizionale (non cordless) sulla presa principale (in genere la più vicina all''ingresso della tua abitazione):<br>\r\n- se ora riesci a chiamare e a ricevere chiamate il problema riscontrato è da imputare ad un filtro o alla tipologia del tuo impianto domestico.<br>\r\n- se invece continui a riscontrare il problema, clicca su Apri una segnalazione indicando come tipologia di problema Linea rumorosa.<br>', 29);
INSERT INTO `questions_answers_assistance` (`id_qa`, `question`, `answer`, `assistance`) VALUES
(57, 'Si sente un suono continuo', 'Se alzando il ricevitore ascolti un suono continuo ,  è possibile che sulla tua linea telefonica sia attivo il servizio di Trasferimento di chiamata che non permette di ricevere ma consente comunque di effettuare chiamate: prova a comporre un numero (es. il 187):<br>\r\n- <b>Se riesci a chiamare</b> il tuo problema è risolto. Ricorda che per ricevere chiamate è necessario disattivare il trasferimento di chiamata.<br>\r\n- <b>Se invece non riesci a chiamare</b>, verifica se sulla tua linea è presente un centralino:\r\nse è presente un centralino, il problema potrebbe dipendere dalla configurazione dell'' apparato. Prova a scollegare il centralino, spegnere il modem se hai l''ADSL e a collegare un telefono tradizionale (non cordless) sulla presa principale (in genere la più vicina all''ingresso della tua abitazione):<br>\r\n- se ora riesci a chiamare e a ricevere chiamate, il problema riscontrato è da imputare ad un filtro o alla tipologia del tuo impianto domestico.<br>\r\n- se invece continui a riscontrare il problema, clicca su Apri Segnalazione e, dopo aver inserito il numero di telefono della linea per la quale richiedi assistenza, compila il form, scegli come tipologia di problema Linea isolata e clicca su Invia.<br>', 29),
(58, 'Si sente un messaggio automatico', 'Se ascolti un messaggio automatico è possibile che sulla tua linea sia attivo un servizio ( 405 , Memotel , SMS ,..): segui le istruzioni del messaggio e per maggiori approfondimenti consulta le guide ai servizi telefonici.<br><br>\r\n\r\nSe dopo aver seguito le istruzioni del messaggio ascoltato, componi un numero, ma la chiamata non viene inoltrata, scollega tutti i telefoni, spegni il modem se hai l''ADSL e collega un telefono tradizionale (non cordless) sulla presa principale (in genere la più vicina all''ingresso della tua abitazione):<br>\r\n- se ora riesci a chiamare e a ricevere chiamate, il problema riscontrato è da imputare ad un filtro o alla tipologia del tuo impianto domestico .<br>\r\n- se invece continui a riscontrare il problema, contatta l''Assistenza Tecnica al 187 .', 29),
(59, 'Si sente il tono di libero, ma dopo aver composto un numero ascolto un segnale di "occupato veloce"\r\n', 'Se ascolti un tono di "occupato veloce" è possibile che il traffico in uscita sia gestito da un altro operatore tramite il servizio di CPS (Carrier Pre Selection). <br>\r\nProva ad anteporre 1033 al numero che stai chiamando:<br>\r\n- se anteponendo 1033 riesci a chiamare, devi contattare l''altro gestore telefonico  e far presente il problema<br>\r\n- se invece, anche anteponendo il 1033 , non riesci ad effettuare le chiamate, contatta l''Assistenza al 187 .<br>', 29),
(60, 'Cos''è un eBook?', 'Un eBook è la versione elettronica di un libro stampato o stampabile, che può essere scaricato e letto su un PC, un Tablet o uno Smartphone. Un eBook offre un''esperienza di lettura molto simile al libro tradizionale e in più tutta la flessibilità e il potenziale offerto dai dispositivi digitali.', 44),
(61, 'Quali sono le dimensioni di un eBook / Quanto pesa un eBook?', 'Il libro elettronico non ha un peso fisico ma un peso in KB o MB che corrisponde allo spazio di memoria occupato dal file nel dispositivo lettore, variabile a seconda delle caratteristiche del libro (numero di pagine, presenza di immagini, multimedialità e altro). In media il peso varia tra i 100KB e i 2MB.', 44),
(62, 'Quali sono le differenze tra il quotidiano acquistabile in digitale e l''equivalente cartaceo?', 'Il quotidiano digitale contiene le stesse informazioni della versione cartacea ed in molti casi è arricchito con contenuti multimediali quali ad esempio videogallery, fotogallery.Se sottoscrivi l''abbonamento digitale al quotidiano, hai inclusi, senza alcun costo supplementare, gli inserti e gli allegati eventualmente disponibili in edicola in abbinamento al quotidiano cartaceo. Potrai, inoltre, accedere a tutte le eventuali edizioni locali, scegliendo quella di tuo interesse e per alcune testate avrai anche accesso a contenuti esclusivi dell''offerta digitale (es. l''edizione RSera de la Repubblica).', 44),
(63, 'Quanti byte pesa un quotidiano digitale?', 'Il peso in byte di un quotidiano varia ogni giorno e dipende dal numero di pagine e dei contenuti multimediali inclusi. Una copia pesa almeno 70-100 MB. Lo sfoglio del quotidiano avviene sia da PC che da Tablet e Smartphone sull’App della testata a cui ti sei abbonato e richiede perciò l''utilizzo della connettività dati, il cui costo dipende dal tuo profilo tariffario dati. Ti consigliamo, pertanto, di utilizzare un''offerta di navigazione dati flat o di scaricare il quotidiano in navigazione ADSL.', 44),
(64, 'Quali differenze ci sono tra il Magazine acquistabile in digitale e l''equivalente cartaceo?', 'Non c''è nessuna differenza in quanto la versione digitale è identica alla versione cartacea.\r\nIl servizio consente di leggere in digitale il Magazine su PC e Tablet.', 44),
(65, 'Come fare se non si caricano i brani?', 'Verifica che ci sia connessione: se non c’è connessione (rete mobile TIM o Wi-Fi) o la connessione è troppo lenta (EDGE e GPRS) il caricamento dei brani o delle immagini non è possibile o non è abbastanza veloce.<br><br>\r\n\r\nSe la connessione esiste e hai un’offerta bundle dati (es TIMyoung&music) puo’ essere che sia terminato il bundle dati. In tal caso la banda si strozza a un livello tale che rende impossibile l’uso di TIMmusic anche in bassa qualità (96 Kbit/s). Puoi comuque utilizzare TIMmusic in Wi-Fi (con il limite dei 7 gg*).<br><br>\r\n\r\nSe non valgono i casi precedenti, verifica se sei sottocredito: in tal tal caso per utilizzare TIMmusic  occorre ricaricare o accedere in Wi-Fi (con il limite dei 7 gg*). Infatti a causa del sottocredito viene inibito il traffico dati e anche se il traffico per lo streaming della musica è incluso l’APP ha bisogno di una connessione dati per funzionare.<br><br>\r\n\r\n*Infatti per poter utilizzare TIMmusic in modalità Wi-Fi  devi fare un primo accesso all’app su rete mobile di TIM 3G/4G. Puoi quindi utilizzare il servizio in Wi-Fi per 7 giorni, al termine di questo periodo è necessario che tu riacceda nuovamente all’app su rete mobile di TIM 3G/4G.', 3),
(66, 'Come disattivo un abbonamento?', 'Se hai attivato l’abbonamento TIMmusic presso un Negozio o tramite il 40916/40915 (voce guidata) o sms o su tim.it puoi disattivarlo utilizzando uno delle modalità indicate su tim.it nella sezione “Come si Attiva” della specifica offerta.<br><br>\r\nSe l’abbonamento è stato attivato da app puoi contattare il 119.', 3),
(67, 'Anteprima, Spam e Cartelle', 'All''interno della sezione Posta sono presenti, tra le altre, le funzioni per la gestione della visualizzazione, dello spam e delle cartelle.<br><br>\r\n\r\n<b>Anteprima</b><br><br>\r\n\r\nE'' possibile scegliere la modalità di visualizzazione della posta in arrivo. <br>\r\nClicca sul pulsante  <b>Altro</b> presente nella barra in alto per personalizzare il riquadro di anteprima e scegli se abilitare o disabiliare la visualizzazione dell''anteprima del messaggio di posta selezionato.<br><br>\r\n\r\n<b>Spam	</b><br><br>\r\nPer spostare un''e-mail indesiderata nella cartella Spam , seleziona il messaggio e clicca sul pulsante Spam presente nella barra in alto. In alternativa clicca su Sposta in e poi sulla voce Spam.<br><br>\r\n\r\nSe invece vuoi bloccare i messaggi inviati da uno stesso mittente, seleziona l''icona Blocca durante la lettura dell''e-mail o inserisci l''indirizzo del mittente di posta indesiderata nei filtri presenti in Impostazioni > Preferenze mail. <br><br>\r\n\r\nN.B. I messaggi presenti nella cartella Spam vengono cancellati automaticamente dopo 20 giorni. <br><br>\r\n\r\n<b>Cartelle</b><br><br>\r\n\r\nE'' possibile creare delle cartelle personali dove archiviare i messaggi.<br>\r\nPer creare una nuova cartella accedi all''area Cartelle personali nella colonna di sinistra, seleziona Gestisci e clicca su Crea . Scegli un nome per la cartella e clicca su Crea.<br>\r\nOgni cartella, ad eccezione delle cartelle predefinite, può essere rinominata, spostata, copiata o eliminata dal menu attivabile con il tasto destro del mouse. \r\nE'' possbile eliminare i messaggi presenti nella cartelle Cestino e Spam tramite il link Svuota.<br><br>\r\n\r\n<b>N.B. I messaggi presenti nella cartella Cestino vengono cancellati automaticamente dopo 7 giorni.</b>', 32),
(68, 'Leggi', 'Con TIM Mail sono previste le seguenti funzioni di gestione della posta elettronica: risposta al mittente o a tutti gli indirizzi di mail, inoltro, stampa, spostamento ed eliminazione dei messaggi.<br> <br> \r\n\r\nAll´interno del singolo messaggio, accanto all''indirizzo del mittente, sono presenti i tasti:<br> \r\n- Aggiungi per inserire direttamente il mittente nella propria rubrica email<br> \r\n- Blocca per non ricevere più alcun messaggio dal mittente dell''email<br> <br> \r\n\r\nE'' possibile personalizzare le impostazioni relative al blocco di un indirizzo email dalla cartella  Impostazioni > Preferenze mail > Filtri<br> <br> \r\n\r\nPer conoscere i dettagli della mail clicca sulla voce <b>Mostra dettagli</b>, per non visualizzare i dettagli della mail clicca su <b>Nascondi dettagli</b>.<br><br> \r\n\r\nPuoi visualizzare gli allegati cliccando con il tasto sinistro del mouse o, in alternativa, possono essere salvati su una cartella all''interno del Disco: clicca sull''allegato con il tasto destro del mouse e seleziona l''opzione desiderata.<br> ', 32),
(69, 'Scrivi', 'Per creare un nuovo messaggio, clicca sul pulsante <b>Scrivi</b> presente nella colonna di sinistra.<br><br>\r\n\r\nTi informiamo che Telecom Italia, per preservare i propri clienti dallo spamming, ovvero l’invio e la ricezione di messaggi indesiderati ad un gran numero di destinatari, stabilisce e modifica all’occorrenza il numero massimo di contatti che è possibile inserire in ogni e-mail da inviare e il numero massimo di invii giornalieri che è possibile effettuare.\r\n<br><br>\r\nIl numero massimo di destinatari (considerando tutti i destinatari in A, CC e CCN), sia tramite webmail che tramite programma di posta (es. Microsoft Outlook), che attualmente è possibile inserire è 50.<br><br>\r\nIl numero massimo di invii giornalieri attualmente possibile è 200.<br><br>\r\n\r\nNel nuovo messaggio hai a disposizione le normali funzioni di gestione della posta elettronica:<br>\r\n- Allega (allegati standard o  Giga allegati )<br>\r\n- Salva bozza<br>\r\n- Esito di lettura e/o di consegna<br>\r\n- Firma o della vcard<br>\r\n- Priorità<br>\r\n- Salva nella cartella Posta inviata  <br>\r\n- Controllo ortografico<br>\r\nInoltre puoi decidere se comporre la mail in formato solo testo (tasto a destra) o nel formato di default  HTML con aggiunta di font, colori, emoticons e formattazione. <br><br>\r\n\r\nPer selezionare l''opzione di invio della copia nascosta clicca su Mostra Ccn.<br>', 32),
(70, 'Giga allegati', 'Con i Giga Allegati puoi inviare fino a <b>2 GB</b> direttamente da web.<br><br>\r\n\r\nIl servizio e'' utilizzabile esclusivamente attraverso la webmail e non e'' possibile inviare Giga Allegati da un programma di posta.<br><br>\r\n\r\nL''utilizzo dei Giga Allegati ti consente di superare le limitazioni relative all''invio di allegati.<br>\r\nI destinatari riceveranno un'' email contenente il link alla pagina dove scaricare gli allegati.<br><br>\r\n\r\nPer inviare un''email con Giga Allegati , clicca sulla voce <b>Nuova</b> accanto a Giga Allegati nella colonna di sinistra.<br><br>\r\n\r\nIn alternativa apri la <b>cartella Giga</b> Allegati e clicca sul tasto Nuova  oppure puoi creare un nuovo messaggio, cliccare sul pulsante  Allega e poi su Giga allegati.<br><br>\r\n\r\nNella schermata di compilazione inserisci i destinatari (A, Cc, Ccn) e l''oggetto del messaggio. Successivamente devi inserire gli allegati, uno per volta, tramite il tasto Sfoglia...<br><br>\r\n\r\nGli allegati possono essere rimossi dall''elenco cliccando su Rimuovi. \r\nPuoi scegliere per quanti giorni rendere disponibili gli allegati (scadenza del messaggio)e passato tale periodo, i destinatari non possono piu'' scaricare gli allegati. <br><br>\r\n\r\nPuoi verificare lo stato dell''invio mediante le relative notifiche: <br>\r\n- Messaggio consegnato ai destinatari (il server di posta del destinatario ha ricevuto l''invio);<br> \r\n- Download effettuato dai destinatari (indicazione per ogni destinatario e per ogni file); <br>\r\n- Scadenza Giga Allegati (invia una mail al mittente quando scade il messaggio) se necessario, e'' possibile impostare una password per l''accesso agli allegati. <br><br>\r\n\r\n<b>N.B. Non chiudere la finestra del browser durante il caricamento degli allegati. Così facendo si interrompe la procedura e la mail non viene inviata.</b>', 32),
(71, 'Errori 00003 - 00004', 'Se durante la visione dei contenuti, visualizzi:<br><br>\r\n\r\n<b>ERRORE 00003 - NESSUN SEGNALE</b><br>\r\n<b>ERRORE 00004 - CANALE NON SUPPORTATO O NON ESISTENTE</b><br><br>\r\nverifica il cavo dell''antenna, riprova a selezionare il canale desiderato o un altro canale ed eventualmente effettua la scansione dei canali.<br><br>\r\n\r\nSe continui a riscontrare il problema, clicca sul pulsante per inoltrare una segnalazione all''Assistenza Tecnica.<br>', 35),
(72, 'Errori 00006 - 00007 - 00008 - 01000', 'Se durante la visione dei contenuti dal digitale Terrestre, visualizzi:<br><br>\r\n\r\n<b>ERRORE 00006 - CANALE CRIPTATO TEMPORANEAMENTE NON DISPONIBILE</b><br>\r\n<b>ERRORE 00007 - SERVIZIO NON DISPONIBILE</b><br>\r\n<b>ERRORE 00008 - CANALE NON SUPPORTATO</b><br>\r\n<b>ERRORE 01000 - CANALE NON DISPONIBILE O NON SUPPORTATO</b><br><br>\r\nseleziona un altro canale o spegni, dal telecomando, il decoder TIMvision e riaccendilo.<br><br>\r\n\r\nSe continui a riscontrare il problema, clicca sul pulsante per inoltrare una segnalazione all''Assistenza Tecnica.<br>', 35),
(73, 'Errori 10001 - 10002 - 10005', 'Se durante la visione dei video on demand (contenuti video sia gratuiti che a pagamento) o di Web TV (video del Web gratuiti) visualizzi messaggi di:<br><br>\r\n\r\n<b>ERRORE 10001 - CONTENUTO NON ACCESSIBILE</b><br>\r\n<b>ERRORE 10002 - CONTENUTO NON ACCESSIBILE</b><br>\r\n<b>ERRORE 10005 - CANALE NON SUPPORTATO</b><br><br>\r\n\r\nriprova a selezionare lo stesso o un altro contenuto. Se l''errore persiste, verifica che: <br>\r\n\r\n- la connessione Internet sia attiva e funzionante. Se riscontri problemi di connessione, visita le pagine Non mi connetto ad Internet<br>\r\n- sul PC non siano attivi programmi che effettuano scambio dati via Internet (ad es. lo scambio diretto di file tra utenti Internet, peer-to-peer, etc.). Se utilizzi uno di questi programmi, prova a disattivarlo e ad effettuare nuovamente alcune prove di visione.<br>\r\n- sulla tua linea ADSL sia collegato un solo dispositivo (PC, Tablet, etc.). Se sono connessi più dispositivi, prova a scollegarli tutti ed effettua una prova di visione utilizzando solo il decoder TIMvision.<br>\r\n- se hai collegato il decoder TIMvision alla rete Wi-Fi, sia acceso a video il simbolo del segnale Wi-Fi che indica la corretta ricezione del segnale tra modem e decoder TIMvision. Leggi le indicazioni sui collegamenti e se non rilevi il segnale Wi-Fi.<br><br>\r\nSe continui a riscontrare il problema, clicca sul pulsante per inoltrare una segnalazione all''Assistenza Tecnica.<br>', 35),
(74, 'Errore 10006', 'Se durante la visione dei video on demand (contenuti video sia gratuiti che a pagamento), visualizzi l''<b>ERRORE 10006 - TEMPORANEAMENTE NON DISPONIBILE</b>, verifica che il contenuto sia stato acquistato o riprova la visione dello stesso o di un altro contenuto.<br><br>\r\n\r\nSe continui a riscontrare il problema, clicca sul pulsante per inoltrare una segnalazione all''Assistenza Tecnica.<br>', 35),
(75, 'Errori 10007 - 10008 - 11000', 'Se durante la visione dei video on demand (contenuti video sia gratuiti che a pagamento), visualizzi:<br><br>\r\n\r\n<b>ERRORE 10007 - SERVIZIO NON DISPONIBILE</b><br>\r\n<b>ERRORE 10008 - CANALE NON SUPPORTATO</b><br>\r\n<b>ERRORE 11000 - CANALE NON DIPSONIBILE O NON SUPPORTATO</b><br><br>\r\nriprova la visione o seleziona un altro contenuto.<br><br>\r\n\r\nSe continui a riscontrare il problema, clicca sul pulsante per inoltrare una segnalazione all''Assistenza Tecnica.', 35),
(76, 'Errori 10009 - 01001 - 11001', 'Se durante la visione dei contenuti, visualizzi:<br><br>\r\n\r\n<b>ERRORE 10009 - SI E'' VERIFICATO UN ERRORE. E'' NECESSASRIO RIAVVIARE IL DECODER</b><br>\r\n<b>ERRORE 01001 o 11001 - SI E'' VERIFICATO UN ERRORE. E'' NECESSARIO RIAVVIARE IL DECODER</b><br><br>\r\nriavvia il decoder TIMvision.<br>\r\n<br>\r\nSe continui a riscontrare il problema, clicca sul pulsante per inoltrare una segnalazione all''Assistenza Tecnica.<br>', 35),
(77, 'Errore 10010', 'Se visualizzi l''<b>ERRORE 10010 - LINEA ADSL: BANDA INSUFFICIENTE PER LA RIPRODUZIONE CORRETTA DEL CONTENUTO</b>:<br><br>\r\n\r\n- riavvia il modem e, se collegato in Wi-Fi, verifica la potenza del segnale tramite l''apposita icona<br>\r\n- effettua il Test di velocità sulla tua linea<br>\r\n- verifica la fruizione di un video lasciando collegato al modem solo il dispositivo dal quale si esegue il test. <br><br>\r\nSe continui a riscontrare il problema, clicca sul pulsante per inoltrare una segnalazione all''Assistenza Tecnica.<br>', 35),
(78, 'Configurazione di Rete su Windows 7', 'Windows 7 è predisposto, per la connessione Internet, per l''acquisizione automatica dell''indirizzo IP da router.<br><br>\r\n\r\nSe hai sottoscritto un abbonamento ADSL con profilo flat e se sul tuo PC è presente una scheda di rete LAN, per navigare è sufficiente collegare il cavo Ethernet del modem Telecom Italia all''ingresso di rete LAN del PC.<br><br>\r\n\r\n1. Per verificare le impostazioni della scheda di rete, clicca sul menu Start e poi su Pannello di controllo.<br><br>\r\n\r\n2. Nella finestra del Pannello di controllo clicca su Rete e Internet.<br><br>\r\n\r\n3. All''interno di Centro connessioni di rete e condivisione, clicca sulla voce a sinistra Modifica impostazioni scheda.<br><br>\r\n\r\n4. Su Connessione alla rete locale (LAN), clicca con il tasto destro del mouse e quindi seleziona Proprietà.<br><br>\r\n\r\n5. Seleziona Protocollo Internet versione 4 (TCP/IPv4) e clicca sul pulsante Proprietà. Il protocollo TCP/IPv4 deve essere configurato per ottenere automaticamente un indirizzo IP e DNS.<br><br>\r\n\r\nPer confermare le impostazioni, premi il tasto OK<br><br>\r\n\r\n<b>N.B.</b> Le impostazioni suggerite sono valide se il tuo PC, per connettersi ad Internet, è direttamente collegato ad un router.\r\nSe hai necessità di configurare la scheda di rete di un PC all''interno di una rete LAN domestica o aziendale, è necessario contattare un tecnico o l''amministratore di rete.<br>', 37),
(79, 'Configurazione di rete su Windows Vista', 'Se il Sistema Operativo non riconosce in automatico la scheda di rete presente sul proprio PC, è necessario installare soltanto i driver contenuti nel CD fornito dal produttore.<br><br>\r\n\r\n1. Clicca sull''icona di Start e poi su Pannello di Controllo.<br><br>\r\n\r\n2. All''interno del Pannello di Controllo fai doppio click sull''icona Centro connessioni di rete e condivisione.<br><br>\r\n\r\n3. Nella finestra Centro connessioni di rete e condivisione premi su Visualizza stato.<br><br>\r\n\r\n4. Nello Stato di connessione alla rete locale (LAN) clicca sul pulsante reti vista.<br><br>\r\n\r\n5. Si presenta a video la configurazione della scheda di rete e dei protocolli. Controlla che il Protocollo Internet TCP/IP versione 4 (TCP/IPv4) sia abilitato, selezionalo e clicca sul tasto Proprietà.\r\n<br><br>\r\n\r\n6. Verifica che le configurazioni siano impostate in modo automatico.<br><br>\r\n\r\n<b>Attenzione</b>: Se stai configurando un computer all''interno della rete aziendale, contatta il tuo amministratore di rete. \r\nModificando questi parametri, rispetto alle impostazioni presenti, potresti non avere accesso ad altri sistemi della tua rete aziendale. <br>', 37),
(80, 'Configurazione di rete su Windows XP', 'Data la predisposizione di Windows XP ad un ambiente di rete, la procedura di installazione della scheda di rete (se non è già presente nel PC) si riduce alle operazioni manuali di inserimento del dispositivo all''interno dello slot del computer.<br><br>\r\n\r\nSe il Sistema Operativo non riconosce la scheda in modo automatico, è necessario installare soltanto i driver contenuti nel CD  fornito dal produttore.<br><br>\r\n\r\n1. Accedi a Start > Pannello di Controllo<br><br>\r\n\r\n2. All''interno del Pannello di Controllo fai doppio click sull''icona Connessioni di Rete.<br> \r\n<b>N.B.</b>Passa alla visualizzazione classica del Pannello di Controllo. <br><br>\r\n\r\n3. Se non trovi l''icona della connessione alla rete locale, è probabile che la scheda non sia installata nel tuo computer o che non siano presenti i driver corretti per farla funzionare. <br>\r\nRivolgiti al produttore della scheda di rete o al fornitore del tuo PC per verificare la corretta installazione della scheda e dei driver.<br><br>\r\n\r\n4. Se la scheda di rete è installata in modo corretto, compare l''icona della connessione alla rete locale LAN. Per poter utilizzare la scheda di rete e inviare dati attraverso essa, fai attenzione che l''icona della connessione alla rete LAN non sia disabilitata (in tal caso il disegno dell''icona è sbiadito e sulla sinistra nei dettagli, compare la scritta Disabilitato) o con il cavo di rete scollegato (il disegno dell''icona riporta una X rossa).<br>\r\nSe la connessione LAN è disabilitata basta semplicemente fare doppio click sull''icona per renderla attiva. Se invece si presenta l''errore Cavo di rete scollegato, controlla che il computer abbia un cavo di rete con connettore RJ45 collegato ad una periferica di rete e che essa sia accesa e operativa.\r\n<br><br>\r\n5. Per accedere alla configurazione della rete di Windows XP, clicca con il tasto destro del mouse sulla connessione alla rete locale LAN e seleziona la voce Proprietà.<br><br>\r\n6. Si presenta a video la configurazione della scheda di rete e dei protocolli.\r\nControlla che il protocollo Internet (TCP/IP) sia abilitato e fai doppio click su tale componente. Verifica che le configurazioni siano impostate in modo automatico.<br><br>\r\n7. Seleziona le voci Ottieni automaticamente un indirizzo IP e Ottieni indirizzo server DNS automaticamente, quindi clicca su OK su entrambe le finestre e, nel caso in cui il sistema lo richieda, riavvia il PC.<br><br>\r\n\r\n<b>Attenzione</b>: Se stai configurando un computer all''interno della rete aziendale, contatta il tuo amministratore di rete. \r\nModificando questi parametri, rispetto alle impostazioni presenti, potresti non avere accesso ad altri sistemi della tua rete aziendale.<br>\r\n\r\nVerifica configurazione di rete \r\nVerifica la correttezza della configurazione di rete di Windows XP in relazione al tipo di collegamento esistente tra il tuo PC ed il modem ADSL (Ethernet, USB o Wi-Fi). In particolare, un''errata configurazione o un errato collegamento può causare problemi di connessione ( esempio: errore di Windows 678 ). ', 37),
(81, 'Configurazione di rete su Mac OS X Leopard', 'Per configurare la connessione ad una rete locale LAN:<br><br>\r\n\r\n1. Seleziona il menu Mela e scegli la voce Preferenze di Sistema.<br><br>\r\n\r\n2. Seleziona il controllo Network.\r\nDalla finestra Network è possibile scegliere l''interfaccia di connessione del Mac (Ethernet, Airport, ecc) ed impostare i parametri desiderati.<br><br>\r\n\r\n<b>N.B.</b> Per poter effettuare modifiche alle impostazioni accertati che l''icona in basso a sinistra nella finestra sia un lucchetto aperto (Modifiche abilitate).<br>\r\nIn caso contrario (Modifiche disabilitate), clicca sul lucchetto ed inserisci il Nome e la Password di amministrazione del computer.\r\n<br><br>\r\n3. Nella finestra Network per configurare la rete LAN, nella Posizione: Automatica, clicca su Ethernet nello spazio a sinistra; sulla voce Configura scorri il menu a tendina e seleziona Utilizzo di DHCP per ottenere automaticamente i parametri di connessione.<br><br>\r\n\r\n<b>N.B.</b> Ti informiamo che i modem Telecom Italia sono già configurati per effettuare la connessione a Internet automaticamente (modalità routed), tuttavia se hai un abbonamento Alice a consumo o comunque hai necessità di gestire la connessione PPPoE dal tuo Mac.<br><br>\r\n\r\nSe hai necessità di indicare dei parametri di rete specifici, seleziona la voce <b>Manualmente</b>, in questo caso è possibile specificare gli Indirizzi IP dei Mac in rete e del router.<br>', 37);

-- --------------------------------------------------------

--
-- Struttura della tabella `question_answer_faq`
--

CREATE TABLE IF NOT EXISTS `question_answer_faq` (
  `id_faq` int(11) NOT NULL,
  `question` text CHARACTER SET utf8 COLLATE utf8_bin NOT NULL,
  `answer` text CHARACTER SET utf8 COLLATE utf8_bin NOT NULL,
  `service` int(11) NOT NULL,
  PRIMARY KEY (`id_faq`),
  KEY `ServiceFAQIndex` (`service`)
) ENGINE=MyISAM DEFAULT CHARSET=utf8;

--
-- Dump dei dati per la tabella `question_answer_faq`
--

INSERT INTO `question_answer_faq` (`id_faq`, `question`, `answer`, `service`) VALUES
(2, 'Cosa succede se sulla mia linea mobile è attiva una TIM Special con blocco dati al termine del GB disponibile e un’offerta con rallentamento a 32 Kbps?', 'Qualora sulla tua linea mobile ci sia presenza di un’offerta che prevede il rallentamento a 32 Kbps e una TIM Special che prevede il blocco dati al termine dei GB, nel caso di esaurimento di entrambi non sarà possibile effettuare traffico dati fino alla successiva disponibilità.', 12),
(3, 'Per conoscere la quantità e la scadenza di minuti e MB residui previsti dall’offerta TIM Special Start cosa devo fare?', 'È possibile conoscere la quantità e la scadenza dei contenuti previsti dall’offerta:<br><br>\r\n\r\nAccedendo alla sezione MyTIM Mobile di questo sito<br>\r\nChiamando il numero gratuito 40916', 12),
(4, 'Se ho usufruito della promozione sul costo di attivazione, cosa accade se disattivo l’offerta TIM Special Start prima del 12° rinnovo?', 'Se disattivi l’offerta TIM Special Start prima del 12° rinnovo, avendo usufruito della promozione che prevede il costo di attivazione pari a 3 € anziché a 16 €, ti saranno addebitati 19 € sul tuo credito residuo.', 12),
(5, 'Cosa devo fare se l’Istituto bancario modifica il CAB e/o il numero del mio conto corrente bancario o postale?', 'Non devi fare nulla, infatti la modifica delle coordinate bancarie sarà effettuata da parte degli Istituti di credito.', 12),
(6, 'Cosa devo fare se cambio banca/posta (es. dalla banca passo alla posta, oppure dalla posta passo alla banca oppure cambio Istituto di credito)?', 'Puoi recarti presso il tuo nuovo Istituto di credito e chiedere la portabilità delle domiciliazioni. In alternativa puoi inoltrare la richiesta di revoca della domiciliazione bancaria/postale compilando ed inviando direttamente online l’apposito modulo disponibile nella sezione MODULI sotto la voce “clienti ricaricabili” ed inoltrare la nuova richiesta di modifica denominata “adesione domiciliazione bancaria/postale” (nomi moduli in via di definizione). La modulistica può in alternativa essere scaricata in formato pdf ed inviata tramite posta all’indirizzo indicato nei moduli stessi.', 12),
(7, 'Cosa succede se nel periodo di validità dell''offerta “Scegli il tuo smartphone” cambio la carta di credito utilizzata per i pagamenti dell’offerta?', 'Se si cambia il numero della carta di credito, è necessario comunicare tempestivamente il nuovo numero di carta di credito presso uno dei Negozi TIM o nella sezione MyTIM Mobile di questo sito.', 12),
(8, 'L’attivazione dell’offerta ed i successivi rinnovi prorogano la durata della TIM Card?', 'L’attivazione ed i successivi rinnovi dell’offerta determinano la proroga della durata della TIM Card di 13 mesi decorrenti dalla data in cui avviene l’attivazione o il rinnovo, tenendo presente che nel corso del tredicesimo mese il servizio funzionerà solo per la ricezione delle chiamate e dei messaggi. La TIM Card, infatti, ha una durata di 12 mesi (+1 per il solo traffico entrante) decorrenti (a) dalla sua attivazione, oppure (b) dall''ultima operazione di ricarica, oppure (c) da altro evento commerciale, di vendita o post-vendita, esplicitamente richiesto dal cliente, gratuito od a pagamento, o che comunque determina oneri a suo carico (secondo quanto previsto dalle relative condizioni di offerta).', 12),
(9, 'Quali sono gli Smartphone compatibili con i servizi NFC?', 'TIM Wallet è compatibile con tutti gli smartphone NFC SIM BASED, terminali in grado di leggere le informazioni memorizzate sulla SIM con la sicurezza richiesta da banche e circuiti di pagamento. La lista degli smartphone NFC, testati e abilitati, è in continua evoluzione. L’abilitazione di altri telefoni necessita di opportune verifiche di sicurezza non solo da parte di TIM ma anche da parte dei nostri partner. Consulta la lista aggiornata dei terminali abilitati .', 10),
(10, 'Cosa vuol dire NFC?', 'NFC (Near Field Communication) è una tecnologia che fornisce connettività wireless a corto raggio. L’NFC consente il “colloquio” in modo sicuro tra il telefono ed un POS abilitato durante un’operazione di pagamento contactless, ovvero quelle transazioni che avvengono semplicemente avvicinando lo strumento di pagamento (una carta o, come nel nostro caso, un telefono) al POS, senza necessità di inserimento all’interno del lettore. La tecnologia NFC garantisce transazioni criptate secondo i requisiti di sicurezza di banche e circuiti di pagamento. I dati della tua carta di credito sono memorizzati in modo sicuro sulla tua SIM. Questa particolare modalità di pagamento viene solitamente definita Mobile Proximity Payment.', 10),
(11, 'La tecnologia NFC è sicura?', 'I pagamenti tramite tecnologia NFC garantiscono transazioni criptate secondo i requisiti di sicurezza di banche e circuiti di pagamento.', 10),
(12, 'Ho dimenticato/smarrito il PIN del TIM Wallet o il PIN della Carta di Pagamento. Cosa devo fare?', 'Nel caso avessi dimenticato/smarrito il PIN del TIM Wallet (richiesto opzionalmente all’apertura del TIM Wallet) e non riuscissi a recuperarlo con la domanda/risposta segrete, ti invitiamo a richiedere il reset del PIN sul sito https://www.tim.it/assistenza/moduli oppure, se sei un cliente Business, contatta i consueti canali di accesso al Servizio Clienti Business.<br>\r\nNel caso avessi dimenticato/smarrito il PIN della carta di pagamento o le credenziali di accesso all’app della Banca, ti invitiamo a contattare il servizio clienti della tua Banca.', 10),
(13, 'Mi hanno rubato/ho smarrito il telefono! Cosa devo fare?', 'Chiama il 119 per bloccare la SIM ed il telefono, fornendone il codice IMEI. Se vuoi attivare nuovamente il servizio TIM Wallet, recati presso uno dei negozi TIM abilitati per richiedere una nuova TIM Card NFC, verifica con la tua Banca o nei termini e condizioni del servizio come riattivare i servizi NFC.<br>\r\nSe hai attivato una Carta di pagamento, contatta il servizio clienti della tua Banca per il blocco della Carta.', 10),
(14, 'Non riesco ad effettuare il pagamento! Cosa posso fare?', 'Innanzitutto, assicurati di avere la SIM NFC, di avere uno smartphone NFC compatibile, TIM Wallet attivo e APP della Banca attiva. Assicurati di avere richiesto l’attivazione del servizio di pagamento alla tua banca e che sulla Carta di pagamento ci sia sufficiente credito. Poi controlla che data e ora del tuo telefono siano corrette. Se lo sono, contatta il Servizio Clienti della tua banca', 10),
(15, 'Se passo vicino ad un POS, c’è il rischio che possa pagare il conto di un altro?', 'È impossibile pagare “per sbaglio” con la carta: per effettuare una transazione di pagamento è necessario selezionare prima la Carta di pagamento dal TIM Wallet o dall''App della Banca. Una volta selezionata, hai 1 minuto di tempo circa per effettuare il pagamento, poi l’applicazione si disattiva automaticamente.', 10),
(16, 'Come posso aumentare ulteriormente il livello di sicurezza della Carta?', 'Ti consigliamo di impostare sempre il blocco con PIN dello schermo del tuo smartphone per non permettere a nessuno, anche in caso di furto del cellulare, di utilizzare la funzionalità di pagamento NFC. Se vuoi puoi anche impostare il PIN del TIM Wallet.', 10);

-- --------------------------------------------------------

--
-- Struttura della tabella `services`
--

CREATE TABLE IF NOT EXISTS `services` (
  `id_serv` int(11) NOT NULL AUTO_INCREMENT,
  `name` varchar(300) NOT NULL,
  `img_bot` varchar(500) NOT NULL,
  `img_top` varchar(500) NOT NULL,
  `par_top` text NOT NULL,
  `par_bot` text NOT NULL,
  `promo` tinyint(1) NOT NULL,
  `id_cat_serv` int(11) NOT NULL,
  PRIMARY KEY (`id_serv`),
  KEY `FOREIGN_CAT_SERV` (`id_cat_serv`)
) ENGINE=MyISAM  DEFAULT CHARSET=utf8 AUTO_INCREMENT=14 ;

--
-- Dump dei dati per la tabella `services`
--

INSERT INTO `services` (`id_serv`, `name`, `img_bot`, `img_top`, `par_top`, `par_bot`, `promo`, `id_cat_serv`) VALUES
(1, 'TIM Music', 'img/services/logo_tim_music.jpg', 'img/services/banner_tim_music.jpg', '<b>LA COLONNA SONORA DELLA TUA VITA</b><br><br>\r\n \r\nEntra in un mondo di musica con l''app TIMmusic. <br>Milioni di brani in streaming, tutte le ultime uscite discografiche e tante playlist, da ascoltare dove e quando vuoi, senza consumare GB!', '<b>Piattaforma per la Musica Digitale</b><br><br>\r\n \r\nTIMmusic è la piattaforma per la musica digitale di TIM dedicata a tutti i clienti che hanno una linea ADSL residenziale TIM, una chiavetta Internet TIM o uno smartphone TIM.<br><br>\r\n \r\n<b>Cosa posso fare?</b><br>\r\nCon TIMmusic puoi ascoltare musica in streaming senza limiti di tempo scegliendo da un vastissimo catalogo di milioni di brani musicali nazionali e internazionali di ogni genere, sempre aggiornato con le ultime uscite discografiche.<br><br>\r\n \r\nTIMmusic ti consente anche di creare e salvare le tue playlist personali o di ascoltare quelle suggerite da Dj e artisti famosi in esclusiva per te. Inoltre puoi scegliere tra tante playlist proposte per genere e per tema o create dinamicamente dalla piattaforma in base alla musica che stai ascoltando.<br><br>\r\n \r\n<b>Registrati e attiva la tua musica</b><br>\r\nAvrai un''area dedicata per gestire tutta la tua musica, sincronizzare le playlist su tutti i dispositivi con cui utilizzi TIMmusic .<br><br>\r\n \r\n<b>Ritrova la tua musica</b><br>\r\nNell''area La mia musica crei un numero illimitato di playlist e ritrovi quelle che hai già creato in passato.<br><br>\r\n \r\n<b>Porta tutta la tua musica sempre con te</b><br>\r\nGestisci comodamente le tue playlist dal pc, sincronizzale su tutti i dispositivi con cui usi TIMmusic e ascoltale in ogni momento.', 1, 1),
(2, 'TIM Reading', 'img/services/logo_tim_reading.jpg', 'img/services/Timreading.jpg', 'Porta sempre con te su Smartphone e Tablet i tuoi eBook preferiti,\r\nascolta gli audiolibri dovunque tu sia, segui tutte le tue passioni scegliendo tra\r\ni magazine più amati e sfoglia il tuo quotidiano dalle prime ore del mattino.\r\nSu TIMreading trovi ciò che ami leggere e ascoltare, dove e quando vuoi.<br>', 'Su TIMreading trovi ciò che ami leggere, dove e quando vuoi:<br><br>\r\n\r\nLeggi subito. Vai sul sito timreading.it o scarica l’App TIMreading. Puoi acquistare in qualsiasi momento ebook, quotidiani e magazine con un click . Ogni giorno una selezione di ebook in promozione.<br>\r\nLeggi ciò che vuoi. Scegli i tuoi ebook tra bestseller, thriller, romanzi e i magazine di moda, cucina, attualità  che preferisci sfogliare. E se vuoi essere informato dalle prime ore del mattino, leggi i principali quotidiani nazionali e sportivi sul tuo PC, tablet e smartphone.<br>\r\nLeggi ovunque tu sia. Puoi portare gli ebook e magazine acquistati sempre con te con l’App TIMreading per smartphone e tablet. Ti basterà scaricare il contenuto che vuoi sfogliare, per poi leggerlo anche offline.<br>\r\nAscolti gli audiolibri che preferisci. Se sei un cliente TIM, con l’app TIMreading Audiobook ascolti in streaming tutti gli audiolibri presenti a catalogo ad 1€/settimana<br><br>\r\n\r\n<b>Quotidiani</b><br><br>\r\n\r\nTi piacerebbe arrivare a lavoro già informato sulle ultime notizie? Leggi Il tuo giornale preferito dove e quando vuoi su Smartphone, Tablet, e PC<br><br>\r\n\r\n<b>Magazine</b><br><br>\r\n\r\nModa, gossip, attualità, scienza. Quale rivista vuoi leggere oggi? Scegli con un click e sfoglia su Tablet e PC<br><br>\r\n\r\n<b>Ebook</b><br><br>\r\n\r\nTIMreading ha il libro giusto per te. Bestseller, ultime novità, thriller mozzafiato, romanzi rosa da leggere su Smartphone, Tablet e PC<br><br>\r\n\r\n<b>Audiolibri</b><br><br>\r\n\r\nSempre con te centinaia di audiolibri tra fiabe, corsi di lingua inglese, classici e tanto altro, con nuovi titoli ogni settimana', 0, 1),
(3, 'TIM Games', 'img/services/logo_tim_games.jpg', 'img/services/TIMgames.jpg', 'Sparatutto, sport estremi, i migliori Classici e molto altro ancora... Con TIMgames hai a disposizione centinaia di giochi per il tuosmartphone e tablet, per divertirti dove e quando vuoi<br>', '<b>In dettaglio:</b><br>\r\nEntra nel fantastico mondo dei giochi  con TIMgames e  scopri le ultime novità, i giochi preferiti dagli altri, i consigli della redazione, le promozioni e le offerte disponibili. Per curiosare gratuitamente, scarica l’app sul tuo telefonino ed entra con un click.<br><br>\r\n\r\n \r\n\r\nE se vuoi essere il primo a scoprire le nuove uscite e le offerte speciali, iscriviti alla newsletter gratuita, con un SMS sarai avvisato delle occasioni da non perdere.<br><br>\r\n\r\nSparatutto, Sport estremi, i migliori Classici e molto altro ancora…<br><br>\r\n\r\nCon TIMgames hai a disposizione più di 1.500 giochi per divertirti dove e quando vuoi.<br><br>\r\n\r\nUn catalogo sempre aggiornato a tua completa disposizione!<br><br>\r\n\r\nScarica l’app TIMgames, oppure vai sul sito mobile www.timgames.it e scegli tutti i giochi che vuoi nella formula che preferisci:<br><br>\r\n\r\nOn Demand,  a partire da solo 0,49 cent (IVA inclusa);<br><br>\r\n\r\nIn abbonamento, attivando l’offerta I Love Games Promo, a solo 1€ a settimana per il primo mese, potrai scaricare tutti i giochi che vuoi senza limiti.<br><br>\r\n \r\n\r\nDivertiti con i giochi del momento all’interno della sezione novità, oppure seleziona le migliori occasioni a prezzi vantaggiosissimi nella sezione Promozioni.<br><br>\r\n\r\nInoltre, in MyTIMgames puoi gestire le tue offerte attive e vedere i giochi che hai scaricato.<br><br>\r\n\r\nIl servizio è riservato ai clienti TIM maggiorenni.<br><br>\r\n\r\n\r\nI costi di navigazione e download dei giochi per accesso con Rete 3G/4G sono inclusi negli abbonamenti.<br><br>\r\n\r\n<b>Costi</b><br><br>\r\n\r\nProva Gratis<br><br>\r\n\r\nCon TIMgames puoi scaricare e provare senza alcun costo i giochi proposti nella sezione Prova Gratis. Dopo aver provato gratuitamente il gioco un messaggio ti avvertirà che il periodo gratuito è terminato e potrai scegliere se acquistare i gioco  nella modalità che preferisci tra: noleggio per 2 giorni o acquisto illimitato al prezzo indicato.<br><br>\r\n\r\n \r\n\r\nDownload Giochi<br><br>\r\n\r\n \r\n\r\nPuoi acquistare i giochi tra quelli proposti per il tuo telefonino al prezzo indicato per ciascun prodotto. Per visualizzare gli ultimi giochi acquistasti visita la sezione MyTIMgames. Da questa sezione potrai anche riscaricare gratuitamente una volta sullo stesso telefono i giochi acquistati.<br><br>\r\n\r\n \r\n\r\nLa registrazione al servizio e l''acquisto di beni digitali è riservata a clienti TIM maggiorenni.<br><br>\r\n\r\n \r\n\r\nCosti di fruizione del servizio<br><br>\r\n\r\n \r\n\r\nI costi di navigazione all’interno del servizio TIMgames e i costi  di download dei contenuti sono gratuitamente inclusi nel servizio in caso di accesso da rete TIM 3G/4G. Alcuni giochi potrebbero necessitare di una connessione per completarne l''installazione o durante l''utilizzo, si consiglia la connessione tramite Wi-Fi. In caso di connessione mobile i costi seguono il profilo tariffario del cliente.<br><br>\r\n \r\n\r\nI LOVE GAMES PROMO<br><br>\r\n\r\n \r\n\r\nIl servizio, in abbonamento, è attivabile chiamando il Servizio Clienti  119, i numeri  40916 e 409167 o via SMS. All''attivazione del servizio riceverai un messaggio di benvenuto gratuito. Per 1 mese potrai usufruire del servizio a 1€/settimana. Ogni settimana potrai scaricare senza limiti tutti i giochi proposti dell''sezione I Love Games Promo. Alla fine dei due mesi promozionali, il servizio passerà automaticamente al prezzo di 2€/settimana. E'' possibile disattivare l''abbonamento attraverso il comando posto nella sezione MyTIMgames. In caso di disattivazione riceverai un messaggio gratuito di conferma.<br><br>\r\n\r\n\r\nTIMgames card<br><br>\r\n\r\nLa Card consente di scaricare 3 giochi nella sezione dedicata in home page TIMgames Card. Puoi verificare l''attivazione della TIMgames Card entrando nella sezione MyTIMgames. E'' possibile scaricare i 3 giochi entro 1 mese dall''attivazione della Card. La Card non è un abbonamento e non prevede rinnovo automatico. Nelle altre sezioni, oppure dopo aver scaricato i 3 giochi o alla scadenza del mese di validità della Card, potrai acquistare i giochi al prezzo indicato per ciascun prodotto.<br><br>\r\n\r\nI LOVE GAMES<br><br> \r\n\r\nIl servizio, in abbonamento, è attivabile solamente dal’app TIMgames o dal sito mobile www.timgames.it. All''attivazione del servizio riceverai un messaggio di benvenuto gratuito. Per la prima settimana potrai usufruire del servizio gratuitamente. Ogni settimana potrai scaricare senza limiti tutti i giochi proposti dell''sezione I Love Games . Alla fine della settimana promozionale, il servizio passerà automaticamente al prezzo di 2€/settimana. E'' possibile disattivare l''abbonamento attraverso il comando posto nell''sezione MyTIMgames. In caso di disattivazione riceverai un messaggio gratuito di conferma.<br><br>\r\n\r\nPromo 3 mesi TIMgames<br><br>\r\n\r\nIl servizio gratuito Promo 3 mesi TIMgames ha la durata di 3 mesi ed è attivabile solamente a seguito dell’attivazione di un’offerta TIM Special Start,  TIM Special Large o TIM Special Unlimited. Da diritto alla fruizione di tutti i giochi all’interno del sito mobile www.timgames.it<br><br>\r\n\r\nDopo 3 mesi l’offerta si disattiva in automatico e non ti verrà addebitato alcun costo. E'' possibile disattivare l''abbonamento attraverso il comando posto nella sezione MyTIMgames. In caso di disattivazione riceverai un messaggio gratuito di conferma.<br><br>\r\n\r\n\r\nI LOVE GAMES MESE<br><br>\r\n\r\nIl servizio, in abbonamento, è disponibile solo per i clienti che hanno attivato un’offerta TIM Special Start,  TIM Special Large o TIM Special Unlimited. Se aderisci alla Promo 3 mesi TIMgames, hai la possibilità di attivare il servizio I Love Games Mese al prezzo speciale di soli 4€ al mese e puoi scegliere tutti i giochi che vuoi tra quelli proposti sul sito mobile www.timgames.it o dall’App TIMgames. All''attivazione del servizio riceverai un messaggio di benvenuto gratuito. E'' possibile disattivare l''abbonamento attraverso il comando posto nella sezione MyTIMgames. In caso di disattivazione riceverai un messaggio gratuito di conferma.<br><br>\r\n\r\nTIMgames club<br><br>\r\n \r\n\r\nIl servizio, in abbonamento, da diritto, ogni 30 giorni, a scaricare un gioco gratis a scelta tra quelli proposti. Ogni settimana al prezzo di 1€ potrai accedere alla sezione TIMgames club del sito e scaricare una selezione di giochi con uno sconto del 50%. E'' possibile disattivare l''abbonamento attraverso il comando posto nella sezione MyTIMgames. In caso di disattivazione, riceverai un messaggio gratuito di conferma.<br><br>\r\n\r\n \r\n\r\nTutti i prezzi indicati sono IVA inclusa.', 0, 1),
(4, 'TIM Vision', 'img/services/logo_tim_vision.jpg', 'img/services/Tim-Vision.jpg', '<b>Serie tv, cartoni, cinema e documentari dove e quando vuoi</b>', '<b>Accomodati \r\ne goditi \r\nil grande cinema</b><br><br>\r\n\r\nUna ricca proposta di film con le anteprime più attese, i grandi claassici, inediti, film d’azione, thriller, animazione e commedie per tutta la famiglia.In più l’HD, per rendere ogni immagine spettacolare e non perdere neanche un particolare<br><br>\r\n\r\n<b>Una puntata tira \r\nl’altra</b><br><br>\r\n\r\nTutti gli episodi delle migliori serie TV, dalle più famose alle più esclusive, disponibili immediatamente e da vedere tutte d’un fiato e, per non interrompere la tua maratona, puoi guardare TIMvision anche sul WEB, su Smartphone e Tablet<br><br>\r\n\r\n<b>I personaggi più \r\namati dai bambini</b><br><br>\r\n\r\nI cartoni animati e le serie preferite da bambini e ragazzi, finalmente senza interruzioni pubblicitarie. Una ricca offerta che soddisfa ogni età, dai più piccoli ai più grandi, con la sicurezza del Parental Control<br><br>\r\n\r\n<b>I concerti dei \r\nmigliori artisti</b><br><br>\r\n\r\nOltre 50 Concerti ed eventi live dei migliori artisti italiani ed internazionali per essere accompagnati dalla migliore musica, dove e quando vuoi<br><br>\r\n\r\n<b>La natura e il mondo \r\nvisti da vicino</b><br><br>\r\n\r\nUna ricca offerta con i migliori documentari per attraversare luoghi incontaminati ed avere uno sguardo attento alla natura, rivedere la grande storia del passato per aiutarci a non dimenticare e incontrare personaggi famosi comodamente a casa<br><br>\r\n\r\n<b>Serie tv, cartoni, film e documentari sempre on demand per creare il tuo palinsesto senza interruzioni pubblicitarie</b><br><br>\r\n\r\nTIMvision è la TV sempre on demand di TIM che non ti abbandona mai, senza pubblicità e anche da più dispositivi contemporaneamente. Vedi i tuoi programmi preferiti direttamente su Web e TV Anche su Smartphone e Tablet senza consumare Giga<br><br>\r\n\r\n<b>Oltre 8.000 titoli sempre disponibili tra \r\nserie tv, cartoni, film e documentari</b><br><br>\r\n\r\nCostruisci il tuo palinsesto senza interruzioni per vivere il divertimento in tutte le sue forme', 0, 1),
(5, 'Serie A TIM', 'img/services/9Vep-33i.png', 'img/services/serie_a_stagione.jpg', 'Vivi il meglio della Serie A TIM e i migliori momenti del Campionato 2015/2016 con tutte le notizie, i video-goal, le sintesi sul tuo Smartphone o Tablet e senza consumare GB. L’unica App ufficiale della Serie A TIM. Scarica l’App e vivi la magia del calcio!', '<b>Un goal tira l''altro</b><br><br>\r\n\r\nGuarda i tutti i video-goal, le video-sintesi, video-news e i video tg del campionato di Calcio di Serie A<br><br>\r\n\r\n<b>Insieme a TIM condividi la passione per il calcio</b><br><br>\r\n\r\nCon l’unica App ufficiale della LEGA CALCIO hai l’accesso diretto alla fan page Facebook e Twitter della Serie A TIM<br><br>\r\n\r\n<b>Notizie, scoop, approfondimenti: il calcio in tasca e sempre aggiornato</b><br><br>\r\n\r\nSerie A, Serie B, Calciomercato e calcio Internazionale, dove e quando vuoi sempre aggiornato<br><br>\r\n\r\n<b>L’amore per la tua squadra non va in vacanza</b><br><br>\r\n\r\nTutti i video, le news e il calendario della tua squadra del cuore. Rimani sempre aggiornato con le ultime notizie del calciomercato estivo<br><br>\r\n\r\n<b>Anche nel calcio la matematica non è un’opinione</b><br><br>\r\n\r\nCalendario, classifica, marcatori, goal fatti e subiti, palloni persi e corner battuti... non ti bastano? Scopri tutte le statistiche, sempre aggiornate, di tutto il campionato di Calcio di Serie A<br><br>\r\n\r\n<b>Offerta</b><br><br>\r\n\r\nL’APP Serie A TIM è l’applicazione ufficiale del Campionato di Calcio di Serie A e per la stagione 2016/2017 continuerà ad essere il riferimento per tutti gli appassionati, con un modo nuovo e completo di seguire dove vuoi e in qualunque momento lo spettacolo del Campionato.<br><br>\r\n\r\nIn esclusiva, potrai seguire ogni partita dove vuoi, non perdendo neanche un minuto di gioco grazie alla cronaca in tempo reale di tutte le gare, la disponibilità dei video di tutti i goal e le azioni salienti a pochi minuti dall’evento. Alla fine del primo tempo e della gara, avrai a disposizione gli highlight per rivivere tutte le emozioni, oltre alle innovative infografiche statistiche che arricchiranno la cronaca, aiutandoti a interpretare al meglio l’andamento dell’incontro.<br><br>\r\nAccedi in qualsiasi momento a tutte le statistiche del Campionato, quando vuoi e in mobilità potrai rivedere tutti i goal del Campionato. Nella sezione “Top” hai anche una selezione delle migliori giocate della giornata. Grazie alle notifiche push in tempo reale, anche fuori casa o quando sei impegnato, avrai un canale sempre acceso sulla tua squadra del cuore e su tutta la Serie A. Personalizza gli aggiornamenti live, scegliendo una singola partita, videogoal, news o tutti i contenuti più accattivanti dell’App Serie A TIM.<br><br>\r\n\r\nNell’App Serie A TIM trovi tutte le ultime notizie sul mondo del Calcio, anche quando sei in viaggio, con news sul Campionato italiano, ma anche su tutte le altre competizioni. Inoltre, puoi partecipare alla vita social grazie all’accesso diretto alla Fan Page Serie A TIM di Facebook e Serie A TIM su Twitter.<br><br>\r\n\r\nScarica l’App Serie A TIM e avrai il meglio del Calcio sul tuo smartphone o tablet .<br><br>\r\nE se sei cliente TIM non consumi GB! Prima di abbonarti potrai provare gratuitamente i contenuti esclusivi e rimanere aggiornato con le news e le statistiche disponibili per tutti.<br><br>\r\n\r\nL’abbonamento a Serie A TIM offre:<br><br>\r\n\r\nVideo-goal di tutte le partite<br>\r\nVideo-sintesi di tutte le partite<br>\r\nVideo –rubriche tematiche<br>\r\nInfografiche video per seguire i trend di gioco di ciascun match in tempo reale e in alta qualità<br>\r\nAlert di tutti i goal e sintesi delle partite della tua squadra del cuore<br>\r\nVideo-news e tutti i video di conferenze stampa e interviste<br>\r\nCalciomercato estivo<br>\r\nPersonalizzazione della tua squadra del cuore, grazie alla funzione “La mia squadra”, per ricevere gli alert dei goal di ogni giornata<br>\r\nApprofondimenti video esclusivi sui turni giocati con Top Player, Top Goal, Top Parate, Assiste e Goal Collection Completa<br>\r\nArchivio completo con tutti i goal del Campionato di Serie A TIM oltre alle partite in differita in modalità sintetizzata<br>\r\nCondividere le opinioni con i tuoi amici direttamente dall''App per tifare e commentare ogni partita con TOK.tv<br>\r\nAccesso premium integrato da Rete mobile e Wi-fi\r\nPer i clienti TIM traffico dati incluso per tutti i contenuti Premium\r\n', 0, 1),
(6, 'WellUp', 'img/services/unnamed.png', 'img/services/download.png', '<b>Un''app gratuita sviluppata come fosse un diario personale, per disporre in ogni momento di tutte le informazioni sui controlli medici preventivi da effettuare periodicamente per sé e per tutta la famiglia</b><br><br>\r\n\r\nSi pensa sempre che per prevenire una malattia grave occorra sottoporsi a molti esami costosi, ma non è proprio così: gli esami per la diagnosi precoce sono fondamentali, ma nella migliore delle ipotesi consentono di individuare precocemente una malattia che è già insorta. <br>\r\n Diverso è intervenire sui meccanismi che causano la malattia per minimizzarne l''incidenza. <br>\r\n Per quanto possa sembrare strano, è nelle abitudini di vita che si annidano i maggiori rischi per la salute.<br><br>\r\n\r\nÈ stato calcolato che se tutti adottassero uno stile di vita corretto si potrebbe evitare la comparsa di circa un caso di cancro su tre e di circa il 50% dei casi di decesso e disabilità per malattie cardiovascolari. Circa otto persone su dieci, tra quelle che muoiono per malattia ischemica cardiaca, presentano uno o più fattori di rischio maggiori correlati allo stile di vita. Oltre a ciò, cambiando abitudini in materia di alimentazione e attività fisica, si potrebbero quasi azzerare altre patologie come il diabete di tipo 2, quello che colpisce la persona in età avanzata e che è strettamente legato, per esempio all''obesità.<br><br>\r\nIl progetto realizzato da Fondazione Telecom Italia e Fondazione Umberto Veronesi ha l''obiettivo di dare informazioni concrete e scientificamente attendibili sui corretti stili di vita e sulle azioni di prevenzione ed è rivolto ai dipendenti del Gruppo Telecom Italia attraverso il progetto Well Up – Prevedi di star bene che verrà presentato sulla Intranet del Gruppo nell’area dedicata a “Benessere e Salute” e a tutti i possessori di smartphone e tablet tramite la App gratuita Well Up.<br>', '<b>Well Up – Prevedi di star bene</b><br>\r\nL''idea è quella di sviluppare una serie di contenuti fruibili sulla Intranet aziendale del Gruppo Telecom Italia a cui i dipendenti possano accedere per reperire informazioni su salute e prevenzione, utili per sé e per tutta la famiglia.  Il progetto permetterà ai dipendenti del Gruppo Telecom Italia di interagire con gli esperti della Fondazione Umberto Veronesi su alcune tematiche scelte periodicamente:\r\noncologia,\r\ncardiologia,\r\nsana e corretta alimentazione,\r\nvirus e vaccini (focus su bambini e anziani),\r\nno smoking,\r\ntema scelto dai dipendenti.<br><br>\r\n\r\nUn''app gratuita disponibile per le piattaforme iOS e android sviluppata come fosse un diario personale, che permetterà agli utenti di poter disporre in ogni momento di tutte le informazioni sui controlli medici preventivi da effettuare in base all''età anagrafica e al sesso indicati durante la registrazione.  Ciò darà la possibilità di creare una vera e propria agenda dei controlli da effettuare periodicamente per sé e per tutta la famiglia.<br><br>\r\n\r\n<b>Scaricatela subito e cominciate a prendervi cura di voi stessi!</b>', 0, 2),
(7, 'TIM Tag', 'img/services/TIM-Tag-Device-new-logo.jpg', 'img/services/Tim-Tag_1.png', 'TIMTag, è il dispositivo che ti informa sulla posizione del tuo amico a quattro zampe e delle cose a te più care. <br><br>\r\nSegui in tempo reale i suoi spostamenti sul tuo smartphone senza perderlo mai di vista.', '<b>\r\nTRE SEMPLICI PASSI E POTRAI TRACCIARE TUTTO QUELLO CHE AMI<br><br>\r\n\r\nAcquista il Pack TIMTag<br><br></b>\r\n\r\nAcquista subito online e ricevi direttamente a casa tua il pack oppure vai in uno dei negozi TIM.<br><br>\r\n\r\n<b>Attiva la TIM Card<br><br></b>\r\n\r\nRegistra la TIM Card che trovi nel Pack in un negozio TIM (l''offerta TIMTag si attiverà automaticamente dopo la registrazione).<br><br>\r\n<b>\r\nScarica l''APP TIMTag sul tuo Smartphone<br><br></b>\r\n\r\nInstalla l''app sul tuo smartphone ed associa il dispositivo di localizzazione (Android ed iOS).<br><br>', 0, 3),
(8, 'TIM Home Connect', 'img/services/timcasa-zoom_2.png', 'img/services/80416_9197_UseCase_V3.png', 'La soluzione ideale per gestire tutti i sistemi di domotica presenti nella tua casa, dalla semplice caldaia domestica, ai sistemi di protezione della casa, ai più avanzati sistemi di monitoraggio.', 'TIM Home Connect è l’offerta pensata per essere utilizzata nei dispositivi di domotica presenti nella casa, la cui gestione prevede l''uso di una SIM<br><br>\r\n\r\nCon Tim Home Connect infatti hai a disposizione minuti, MB e SMS da utilizzare per connettere e gestire il tuo antifurto, la tua caldaia o altri sistemi di domotica.<br><br>\r\n\r\nL''offerta prevede ogni 30 giorni:<br><br>\r\n\r\n20 minuti di chiamate<br>\r\n100 MB di traffico Internet<br>\r\n100 SMS verso tutti<br>', 0, 3),
(9, 'D-Link SmartHome', 'img/services/DLinkHD.jpg', 'img/services/come_funziona_dlink_home.jpg', 'D-Link SmartHome Starter Kit ti offre la possibilità di impostare, controllare, monitorare e automatizzare la tua casa ovunque ti trovi.', '\r\n<b>Descrizione<br><br></b>\r\n\r\nCon lo Smart Home HD Starter Kit potrai impostare, controllare, monitorare e automatizzare la tua casa ovunque ti trovi.<br>\r\nNel Kit sono inclusi:<br><br>\r\n\r\nUn Monitor HD (DCS-935L) <br>\r\nUn Wi-Fi Motion Sensor (DCH-S150)<br>\r\nUna smart plug (DSP-W215) <br>\r\nTramite l''App mydlink Home per smartphone e tablet hai a disposizione il controllo di tutti i dispositivi così da semplificarti la gestione della casa rendendola più sicura e intelligente.<br><br>\r\n\r\n<b>Facile configurazione e gestione dei tuoi dispositivi<br><br></b>\r\n\r\nBasta semplicemente scaricare l’app mydlink Home e la configurazione guidata ti aiuterà a utilizzare al meglio tutti i dispositivi presenti nel kit in modo facile e intuitivo.<br>\r\nCon l’app potrai creare tu stesso le regole per accendere e spegnere i tuoi elettrodomestici quando e ovunque vuoi. <br><br>\r\n\r\n<b>Notifiche automatiche e real time sul tuo smartphone<br><br></b>\r\n\r\nL’app mydlink Home ti notificherà quando:<br>\r\nUn movimento o un suono viene rilevato<br>\r\nUn dispositivo è stato acceso o spento<br>\r\nIl consumo elettrico è stato superato\r\nUn dispositivo non funziona correttamente o si surriscalda<br>\r\nIl sensore di movimento a infrarossi passivo riduce di gran lunga i falsi allarmi garantendoti di essere avvisato solo quando necessario: rilevazione dei movimenti fino a 8 metri (100° orizzontale, 80° verticale).<br><br>\r\n\r\n<b>Monitor HD<br><br></b>\r\n\r\nCon il Monitor HD, potrai controllare la tua casa in alta definizione (720p) e grazie alla visione notturna anche in assenza di luce (fino a 5 mt). Il Monitor HD ti avvisa mediante notifica push ogni volta che verrà rilevato un suono o un movimento.<br><br>\r\nSensore di movimento<br><br>\r\n\r\nGrazie alla tecnologia a infrarossi passiva saranno ridotti i falsi allarmi e verrai avvisato solo quando necessario. Con il sensore di movimento rileverai i movimenti fino a 8 metri (100° orizzontale, 80° verticale).<br><br>\r\n\r\n<b>Smart Plug<br><br></b>\r\n\r\nPotrai accendere e spegnere i dispositivi dal tuo smartphone tablet, ovunque ti trovi. Essere avvisato se un elettrodomestico è stato acceso o spento. Impostare nuove regole di funzionamento in base alle tue esigenze.', 0, 3),
(10, 'TIM Wallet', 'img/services/unname.png', 'img/services/wallet.PNG', 'Con TIM Wallet puoi utilizzare il tuo smartphone per pagare in tutti i negozi abilitati', '<b>SCARICA TIM WALLET</b><br><br>\r\n\r\nScarica l’app TIM Wallet da Google Play su uno smartphone NFC Android.<br><br>\r\n\r\n<b>RICHIEDI LA CARTA</b><br><br>\r\n\r\nAggiungi la carta di pagamento che preferisci tra quelle disponibili nella vetrina.<br><br>\r\n\r\n<b>PREMI “PAGA”</b><br><br>\r\n\r\nAl momento del pagamento seleziona la carta che vuoi utilizzare, premi “Paga” e avvicina lo smartphone al POS contactless. Ricevei la conferma che il pagamento è stato effettuato direttamente sul display dello smartphone.', 0, 4),
(11, 'TIM Young', 'img/services/132449.jpg', 'img/services/timYoung.jpg', 'Parli, navighi, ascolti musica senza\r\nconsumare GB e hai 3GB in più per l''estate!', '<b>Offerta</b><br><br>\r\n\r\nHai meno di 30 anni e ti senti Digital?<br><br>\r\n\r\nCon TIM Young&Music Summer Edition chiami, fai il pieno di Giga, navighi alla velocità della luce e ascolti musica in streaming illimitato sul tuo smartphone con TIMmusic, senza consumare i tuoi GB!<br><br>\r\n\r\nIn più, se attivi l’offerta da Negozio TIM con addebito dei pagamenti su conto corrente o carta di credito, per te 5GB di Internet 4G ogni 28gg.\r\n<br><br>\r\nPuoi avere TIM Young&Music Summer Edition a 14€ ogni 4 settimane, anziché 17€, se utilizzi la modalità DIGITAL:<br><br>\r\n\r\nricarichi da timyoung.it, tim.it, MyTIM Mobile (anche tramite App MyTIM Mobile),tramite la tua banca\r\nse addebiti la tua offerta su conto corrente o carta di credito.\r\nA te che attivi l’offerta TIM Young&Music Full  verrà attivata gratuitamente, l’opzione 3 Giga Estate che ti dà diritto a 3GB extra da utilizzare fino al 30/09/2016.<br><br>\r\n\r\nUna volta esauriti i 3GB extra prima della scadenza naturale della promozione  (30/09/2016), continuerai a navigare consumando i GB del pacchetto dati TIM Young&Music a tua disposizione.<br><br>\r\n\r\n<b>Costi</b><br><br>\r\n\r\nSe passi a TIM mantenendo il tuo numero o attivi una nuova linea e scegli di addebitare l’offerta su credito residuo, il costo di attivazione è di 3€.\r\nSe l’offerta viene attivata online il costo di attivazione e le prime 4 settimane sono gratis. <br>\r\nPer i già clienti TIM è previsto un costo di attivazione di 19€.<br><br>\r\n\r\nPer chi passa a TIM fino al 28/08/2016 mantenendo il proprio numero o attivando una nuova linea, il costo di attivazione di 19€ è gratuito se si sceglie di domiciliare i pagamenti dell’offerta su carta di credito o conto corrente, a condizione che l’offerta TIM Young&Music Digital venga mantenuta attiva per almeno 12 rinnovi (ciascun rinnovo, relativo alla disponibilità dei servizi inclusi nell’offerta, avviene ogni 4 settimane). In caso di recesso dall’offerta, prima della scadenza del suddetto periodo, è previsto l’addebito del contributo di attivazione dell’offerta, pari a 19€, posto in promozione gratuita all’attivazione dell’offerta stessa.', 1, 4),
(12, 'Voce e Internet', 'img/services/tim-tutto-voce-linea-di-casa.jpg', 'img/services/blocchetto_3_internet_senza_limiti_febbraio2016.jpg', 'ADSL illimitata<br>\r\ne linea di casa<br>\r\ncon INTERNET SENZA LIMITI<br>\r\nl''attivazione è GRATIS', '<b>Offerta<br><br></b>\r\n\r\nAttiva Internet Senza Limiti, l’offerta di TIM perfetta per navigare in internet da casa in libertà!<br><br>\r\n\r\nCon Internet Senza Limiti hai tanti vantaggi:<br><br>\r\n\r\nUna Connessione ADSL veloce per collegarti a internet senza limiti, con velocità (download) per navigare Controlla se la tua linea rientra nel Piano Anti Digital Divide di Telecom Italia su verifica copertura\r\ntelefonate a 0 €cent verso tutti i fissi nazionali e solo 16,13 €cent di scatto alla risposta\r\n1 ora al mese di chiamate gratis verso tutti i telefoni fissi internazionali (zone 1-2-3-4-5)\r\n1 ora al mese di chiamate verso tutti i cellulari internazionali (zone 1-2-3-4-5) allo stesso prezzo dei cellulari nazionali\r\nLinea di casa inclusa\r\nIn più, sono inclusi gratuitamente nell’abbonamento diversi servizi, tra cui:<br><br>\r\n\r\nAntivirus per 1 PC, per difendere il tuo PC da virus e programmi nocivi e proteggere la tua navigazione<br>\r\n1 casella di posta elettronica da 3 GB, dotata di antivirus e di antispam<br>\r\nfino a 300 SMS al mese pari a 10 SMS al giorno da inviare tramite webmail<br>\r\nInternet Pay per acquistare online contenuti digitali<br>\r\nAssistenza tecnica telefonica gratuita tramite il Servizio Clienti 187<br><br>\r\nProdotti opzionali<br><br>\r\n\r\nModem ADSL Wi-Fi N: per navigare velocemente e senza fili a 3,90 €/mese.', 0, 3),
(13, 'TIM SUPERGIGA', 'img/services/TimSuperGiga.jpg', 'img/services/id443662_1.jpg', 'SUPERGIGA 5GB<br><br>\r\nQuesta estate fai il pieno di Internet \r\nper 3 mesi', '<b>In dettaglio:<br><br></b>\r\n\r\nQuesta estate scegli SUPERGIGA 5GB per navigare alla velocità del 4G con smartphone, PC o tablet!<br><br>\r\n\r\nCon soli 9€ hai 5GB di Internet 4G utilizzabili nei successivi tre mesi come vuoi, senza vincoli di soglia mensile!<br><br>\r\n\r\nAl termine dei tre mesi continui a navigare sulla Rete 4G di TIM con 2GB a 5€ ogni 4 settimane, salvo disattivazione.<br><br>\r\n\r\nLa promozione è attivabile fino al 4/09/2016.<br><br>\r\n\r\nUna volta esaurita la disponibilità dei 5GB nei tre mesi:<br><br>\r\n\r\nse non hai altre offerte Internet attive sulla linea : la navigazione viene bloccata fino alla successiva disponibilità prevista dalla SUPERGIGA allo scadere dei tre mesi.<br>\r\nse hai un’altra offerta Internet attiva sulla linea: utilizzi i GB della tua offerta e, se questi terminano prima del rinnovo, la navigazione viene bloccata fino al rinnovo della tua offerta o fino alla successiva disponibilità prevista dalla SUPERGIGA allo scadere dei tre mesi.<br>\r\nPer i dettagli e le limitazioni consulta la sezione “TIM ricorda”.<br><br>\r\n\r\nScopri anche SUPERGIGA 20GB.<br><br>\r\n\r\n<b>Costi<br><br></b>\r\n\r\nSUPERGIGA 5GB ha un costo di 9€ per tre mesi.<br><br>\r\n\r\nNon sono previsti costi di attivazione.\r\nAl termine dei tre mesi, continui a navigare sulla Rete 4G di TIM con 2GB a 5€ ogni 4 settimane, salvo disattivazione.<br>\r\nPuoi verificare l’attivazione dell’offerta, i successivi rinnovi, la disponibilità dei servizi inclusi e il traffico residuo chiamando gratuitamente il numero 40916, accedendo alla sezione MyTIM Mobile del sito, contattando il Servizio Clienti 119 e seguendo le fonie del risponditore automatico oppure, se navighi con un tablet o un modem, consultando, ad ogni connessione, la Pagina di Benvenuto di TIM www.timinternet.it<br><br>\r\n\r\n<b>Come si attiva<br><br></b>\r\n\r\ndirettamente online, cliccando sul tasto ATTIVA<br>\r\npresso i Negozi TIM;<br>\r\nchiamando gratuitamente il numero 40916;<br>\r\ninviando un SMS gratuito al 119 con testo libero (es. attivare SUPERGIGA 5GB)<br>\r\nL’offerta si attiva al massimo entro 48 ore dalla richiesta di attivazione. La conferma di avvenuta attivazione viene notificata con la ricezione di un messaggio SMS.<br><br>\r\n\r\n<b>COME GESTIRE L’OFFERTA:<br><br></b>\r\n\r\nchiamando gratuitamente il numero 40916;\r\ninviando un SMS gratuito al 119 con testo libero\r\nchiamando il Servizio Clienti 119 e seguendo le fonie del risponditore automatico', 0, 4);

-- --------------------------------------------------------

--
-- Struttura della tabella `service_categories`
--

CREATE TABLE IF NOT EXISTS `service_categories` (
  `id_cat` int(11) NOT NULL AUTO_INCREMENT,
  `name` varchar(300) NOT NULL,
  `img` varchar(500) NOT NULL,
  PRIMARY KEY (`id_cat`)
) ENGINE=MyISAM  DEFAULT CHARSET=utf8 AUTO_INCREMENT=5 ;

--
-- Dump dei dati per la tabella `service_categories`
--

INSERT INTO `service_categories` (`id_cat`, `name`, `img`) VALUES
(1, 'TV & Entertainment', 'img/service_categories/01_Intrattenimento.png'),
(2, 'Salute e Benessere', 'img/service_categories/02_icona_salute_benessere.png'),
(3, 'Casa e Famiglia', 'img/service_categories/03_casa_famiglia.png'),
(4, 'Servizi alla Persona', 'img/service_categories/04_identita_payment.png');

-- --------------------------------------------------------

--
-- Struttura della tabella `strings`
--

CREATE TABLE IF NOT EXISTS `strings` (
  `key_string` varchar(100) NOT NULL,
  `value` varchar(500) NOT NULL,
  PRIMARY KEY (`key_string`)
) ENGINE=MyISAM DEFAULT CHARSET=utf8;

--
-- Dump dei dati per la tabella `strings`
--

INSERT INTO `strings` (`key_string`, `value`) VALUES
('assistances', 'Assistenza'),
('assistance_categories', 'Categorie Assistenza'),
('products', 'Prodotti'),
('product_categories', 'Categorie Prodotti'),
('services', 'Servizi Smart Life'),
('service_categories', 'Categorie Servizi');
SET FOREIGN_KEY_CHECKS=1;

/*!40101 SET CHARACTER_SET_CLIENT=@OLD_CHARACTER_SET_CLIENT */;
/*!40101 SET CHARACTER_SET_RESULTS=@OLD_CHARACTER_SET_RESULTS */;
/*!40101 SET COLLATION_CONNECTION=@OLD_COLLATION_CONNECTION */;
